component,variance,ratio,percentage
PC1,62.724818000000006,0.08352172891825387,8.4%
PC2,21.34938,0.028427936274486927,2.8%
PC3,4.776085,0.006359633863912343,0.6%
PC4,4.706429,0.006266882864626384,0.6%
PC5,4.619172,0.006150695114185719,0.6%
PC6,4.5545089999999995,0.0060645925836524135,0.6%
PC7,4.530814,0.006033041318462326,0.6%
PC8,4.467546,0.00594879631124365,0.6%
PC9,4.420071,0.005885580598439285,0.6%
PC10,4.373809,0.005823980065405992,0.6%
PC11,4.339914,0.005778846909313229,0.6%
PC12,4.289664,0.005711936123248576,0.6%
PC13,4.245976000000001,0.005653763020331312,0.6%
PC14,4.17809,0.005563368878584347,0.6%
PC15,4.16242,0.005542503365795628,0.6%
PC16,4.1372800000000005,0.005509027999394328,0.6%
PC17,4.083433,0.005437327599449585,0.5%
PC18,4.071964,0.0054220559615316645,0.5%
PC19,4.04788,0.00538998672030617,0.5%
PC20,4.019437,0.005352113218056679,0.5%
PC21,3.99335,0.00531737686629412,0.5%
PC22,3.9522449999999996,0.005262643177514268,0.5%
PC23,3.936915,0.005242230394422306,0.5%
PC24,3.921618,0.005221861552742088,0.5%
PC25,3.893518,0.0051844447748631475,0.5%
PC26,3.856381,0.005134994707956023,0.5%
PC27,3.8271620000000004,0.005096087916751584,0.5%
PC28,3.79901,0.005058601897860199,0.5%
PC29,3.7537809999999996,0.0049983768641702845,0.5%
PC30,3.745337,0.004987133188995561,0.5%
PC31,3.71688,0.004949241044935027,0.5%
PC32,3.6874599999999997,0.004910066610586328,0.5%
PC33,3.6619800000000002,0.004876138514488273,0.5%
PC34,3.6517720000000002,0.004862545971122144,0.5%
PC35,3.630089,0.004833673800490505,0.5%
PC36,3.6207260000000003,0.004821206423576608,0.5%
PC37,3.571728,0.004755962748042361,0.5%
PC38,3.545972,0.004721667141955174,0.5%
PC39,3.5134830000000004,0.004678406156314289,0.5%
PC40,3.493258,0.004651475397146973,0.5%
PC41,3.4718760000000004,0.004623004025452757,0.5%
PC42,3.45281,0.004597616541928206,0.5%
PC43,3.4122160000000004,0.00454356327925142,0.5%
PC44,3.402568,0.0045307164083270065,0.5%
PC45,3.391968,0.0045166018942516765,0.5%
PC46,3.385502,0.004507992040665726,0.5%
PC47,3.3585,0.004472037313395721,0.4%
PC48,3.3415809999999997,0.0044495086847503905,0.4%
PC49,3.3243410000000004,0.004426552626009006,0.4%
PC50,3.284564,0.004373587246162365,0.4%
PC51,3.282112,0.0043703222661139966,0.4%
PC52,3.255448,0.004334817605424884,0.4%
PC53,3.215411,0.004281506020516019,0.4%
PC54,3.194612,0.0042538109470959444,0.4%
PC55,3.192739,0.004251316939089993,0.4%
PC56,3.1819439999999997,0.004236942771217994,0.4%
PC57,3.165673,0.004215276992112363,0.4%
PC58,3.137579,0.0041778682035810135,0.4%
PC59,3.1225709999999998,0.0041578841821430365,0.4%
PC60,3.109241,0.004140134514914344,0.4%
PC61,3.089014,0.004113201092631166,0.4%
PC62,3.085012,0.004107872197788763,0.4%
PC63,3.064089,0.0040800120111851666,0.4%
PC64,3.0554959999999998,0.004068569933878627,0.4%
PC65,3.024893,0.004027820266496806,0.4%
PC66,2.997112,0.0039908282555980576,0.4%
PC67,2.972486,0.003958037309973617,0.4%
PC68,2.950206,0.003928370199256792,0.4%
PC69,2.94558,0.003922210412265049,0.4%
PC70,2.9301180000000002,0.0039016218635261114,0.4%
PC71,2.915692,0.003882412808804346,0.4%
PC72,2.89757,0.003858282315967259,0.4%
PC73,2.887579,0.003844978720672295,0.4%
PC74,2.8664669999999997,0.0038168668696196193,0.4%
PC75,2.860111,0.003808403487406148,0.4%
PC76,2.8372080000000004,0.0037779068160979155,0.4%
PC77,2.827334,0.003764759013080952,0.4%
PC78,2.789596,0.003714508679856915,0.4%
PC79,2.780017,0.003701753686429785,0.4%
PC80,2.777989,0.003699053286944429,0.4%
PC81,2.764457,0.0036810346450135466,0.4%
PC82,2.742282,0.003651507347879543,0.4%
PC83,2.73628,0.00364351533717387,0.4%
PC84,2.729057,0.003633897494233672,0.4%
PC85,2.701335,0.0035969840452528897,0.4%
PC86,2.670698,0.003556189104901392,0.4%
PC87,2.648203,0.0035262357092292656,0.4%
PC88,2.629682,0.003501573924777456,0.4%
PC89,2.622262,0.0034916937649247257,0.3%
PC90,2.613055,0.0034794341110481633,0.3%
PC91,2.599749,0.0034617164012098298,0.3%
PC92,2.581648,0.0034376138710893065,0.3%
PC93,2.571673,0.003424331580721249,0.3%
PC94,2.550638,0.0033963222596293096,0.3%
PC95,2.528034,0.0033662237241426345,0.3%
PC96,2.5184439999999997,0.003353454083578256,0.3%
PC97,2.516165,0.00335041946305206,0.3%
PC98,2.486986,0.0033115659341648863,0.3%
PC99,2.481113,0.0033037456944323947,0.3%
PC100,2.4676669999999996,0.0032858415664836316,0.3%
PC101,2.442012,0.00325168044774754,0.3%
PC102,2.4385529999999997,0.0032470745888620142,0.3%
PC103,2.433406,0.00324022106018789,0.3%
PC104,2.4114150000000003,0.003210938769713308,0.3%
PC105,2.409121,0.0032078841758181368,0.3%
PC106,2.382699,0.0031727017521484806,0.3%
PC107,2.378073,0.0031665419651567377,0.3%
PC108,2.363091,0.0031465925642249837,0.3%
PC109,2.346295,0.0031242277172052442,0.3%
PC110,2.344344,0.003121629847680625,0.3%
PC111,2.341069,0.0031172689954545208,0.3%
PC112,2.32291,0.003093089234973963,0.3%
PC113,2.316184,0.0030841331763257866,0.3%
PC114,2.2994529999999997,0.003061854880571603,0.3%
PC115,2.285901,0.003043809607482088,0.3%
PC116,2.275632,0.003030135839082129,0.3%
PC117,2.248304,0.002993747023926412,0.3%
PC118,2.242923,0.002986581910696284,0.3%
PC119,2.2274540000000003,0.0029659840410518248,0.3%
PC120,2.220942,0.002957312935801018,0.3%
PC121,2.200352,0.0029298961579886564,0.3%
PC122,2.184762,0.0029091371698344685,0.3%
PC123,2.1801619999999997,0.002903012003348948,0.3%
PC124,2.161451,0.002878097222890128,0.3%
PC125,2.152678,0.002866415465155895,0.3%
PC126,2.145289,0.002856576583599045,0.3%
PC127,2.129891,0.0028360732545677316,0.3%
PC128,2.1184279999999998,0.0028208096059974003,0.3%
PC129,2.105514,0.002803613866868268,0.3%
PC130,2.092721,0.0027865792462488633,0.3%
PC131,2.080628,0.0027704767161816023,0.3%
PC132,2.0685740000000004,0.0027544261168736765,0.3%
PC133,2.056476,0.002738316929016757,0.3%
PC134,2.0510740000000003,0.0027311238530700658,0.3%
PC135,2.03592,0.0027109454241740706,0.3%
PC136,2.033832,0.002708165131212817,0.3%
PC137,2.0165580000000003,0.002685163799501757,0.3%
PC138,2.006497,0.002671766995151578,0.3%
PC139,1.9872,0.0026460719217448196,0.3%
PC140,1.9749619999999999,0.0026297763157774718,0.3%
PC141,1.965698,0.0026174407630988068,0.3%
PC142,1.954896,0.002603057274321287,0.3%
PC143,1.949211,0.0025954873674799424,0.3%
PC144,1.9332779999999998,0.0025742716549552037,0.3%
PC145,1.9193939999999998,0.002555784304632385,0.3%
PC146,1.9020080000000001,0.0025326338384329817,0.3%
PC147,1.8866990000000001,0.0025122490180575835,0.3%
PC148,1.8722450000000002,0.002493002679713733,0.2%
PC149,1.8692060000000001,0.0024889560751594946,0.2%
PC150,1.8630740000000001,0.0024807909619227095,0.2%
PC151,1.849475,0.002462683105610407,0.2%
PC152,1.8466200000000002,0.0024588815077155896,0.2%
PC153,1.840595,0.0024508588711774893,0.2%
PC154,1.8248380000000002,0.0024298775128487188,0.2%
PC155,1.8068970000000002,0.0024059880319972572,0.2%
PC156,1.803695,0.0024017243835001622,0.2%
PC157,1.798905,0.002395346221007631,0.2%
PC158,1.77587,0.0023646737840524222,0.2%
PC159,1.7609580000000002,0.002344817592175883,0.2%
PC160,1.7574349999999999,0.002340126513582733,0.2%
PC161,1.7434180000000001,0.002321462066055007,0.2%
PC162,1.737843,0.002314038630586143,0.2%
PC163,1.7219119999999999,0.0022928255811772674,0.2%
PC164,1.7069310000000002,0.0022728775118034455,0.2%
PC165,1.693789,0.0022553781774658998,0.2%
PC166,1.688135,0.002247849548920436,0.2%
PC167,1.6823700000000001,0.0022401731174445617,0.2%
PC168,1.677859,0.0022341664596149564,0.2%
PC169,1.658481,0.002208363530015736,0.2%
PC170,1.653678,0.0022019680572700935,0.2%
PC171,1.6415819999999999,0.002185861532529038,0.2%
PC172,1.634082,0.0021758748480417765,0.2%
PC173,1.6241139999999998,0.00216260187857924,0.2%
PC174,1.617098,0.00215325966813089,0.2%
PC175,1.6069959999999999,0.002139808269905514,0.2%
PC176,1.6050659999999999,0.002137238363097459,0.2%
PC177,1.5842379999999998,0.0021095046744973676,0.2%
PC178,1.582992,0.002107845553314551,0.2%
PC179,1.56924,0.002089533968638708,0.2%
PC180,1.560076,0.0020773315717532064,0.2%
PC181,1.553593,0.002068699081682417,0.2%
PC182,1.549915,0.002063801611609864,0.2%
PC183,1.533873,0.002042440759270578,0.2%
PC184,1.529323,0.0020363821706816387,0.2%
PC185,1.522047,0.0020266937551710637,0.2%
PC186,1.515866,0.002018463395595628,0.2%
PC187,1.493576,0.001988782969299487,0.2%
PC188,1.490233,0.0019843315711340318,0.2%
PC189,1.481217,0.001972326244822412,0.2%
PC190,1.4694450000000001,0.0019566511448512063,0.2%
PC191,1.463267,0.001948424779949566,0.2%
PC192,1.4585569999999999,0.0019421531420915654,0.2%
PC193,1.440207,0.0019177190540460656,0.2%
PC194,1.4353040000000001,0.00191119042550726,0.2%
PC195,1.431198,0.001905723048639967,0.2%
PC196,1.4135719999999998,0.0018822530085369706,0.2%
PC197,1.408204,0.0018751052055599546,0.2%
PC198,1.403569,0.0018689334345468273,0.2%
PC199,1.391651,0.0018530639271176026,0.2%
PC200,1.378496,0.001835547282526946,0.2%
PC201,1.376995,0.001833548614071562,0.2%
PC202,1.368365,0.0018220572691215531,0.2%
PC203,1.36703,0.0018202796392828204,0.2%
PC204,1.3494950000000001,0.001796930770951603,0.2%
PC205,1.347537,0.0017943235805214619,0.2%
PC206,1.3321040000000002,0.0017737736469625412,0.2%
PC207,1.32917,0.001769866855991124,0.2%
PC208,1.321618,0.0017598109304914175,0.2%
PC209,1.318714,0.00175594408625795,0.2%
PC210,1.305785,0.0017387283737598427,0.2%
PC211,1.303601,0.001735820251237152,0.2%
PC212,1.291115,0.0017191944189027591,0.2%
PC213,1.270455,0.0016916844320351825,0.2%
PC214,1.2686110000000002,0.001689229039209248,0.2%
PC215,1.26506,0.0016845006769940125,0.2%
PC216,1.249379,0.0016636205170680461,0.2%
PC217,1.246241,0.0016594420882785758,0.2%
PC218,1.235528,0.0016451771081569713,0.2%
PC219,1.230017,0.0016378388923957315,0.2%
PC220,1.21652,0.0016198668549924557,0.2%
PC221,1.2141899999999999,0.0016167643250117464,0.2%
PC222,1.2037879999999999,0.0016029134594068802,0.2%
PC223,1.200217,0.0015981584660330124,0.2%
PC224,1.196008,0.001592553938698761,0.2%
PC225,1.179424,0.0015704713819605285,0.2%
PC226,1.1772610000000001,0.0015675912221544024,0.2%
PC227,1.172635,0.0015614314351626594,0.2%
PC228,1.159182,0.0015435179863083754,0.2%
PC229,1.155475,0.0015385819010558049,0.2%
PC230,1.143298,0.001522367520122287,0.2%
PC231,1.1361649999999999,0.0015128695173959354,0.2%
PC232,1.127631,0.0015015060020073636,0.2%
PC233,1.118499,0.0014893462149756737,0.1%
PC234,1.112763,0.0014817083986798161,0.1%
PC235,1.107029,0.0014740732454998219,0.1%
PC236,1.1031799999999998,0.001468948079020959,0.1%
PC237,1.0924989999999999,0.001454725708753167,0.1%
PC238,1.0883180000000001,0.0014491584650410019,0.1%
PC239,1.072837,0.0014285446167013624,0.1%
PC240,1.06431,0.0014171904222183118,0.1%
PC241,1.060125,0.0014116178522744197,0.1%
PC242,1.052551,0.0014015326325002172,0.1%
PC243,1.044806,0.0013912197163197051,0.1%
PC244,1.036214,0.0013797789705710982,0.1%
PC245,1.03063,0.0013723435510808492,0.1%
PC246,1.024158,0.0013637257081473082,0.1%
PC247,1.015822,0.0013526258412292,0.1%
PC248,1.012378,0.0013480399557126495,0.1%
PC249,0.9979790000000001,0.001328866853055039,0.1%
PC250,0.9972620000000001,0.0013279121260180568,0.1%
PC251,0.989784,0.0013179547358052911,0.1%
PC252,0.9791479999999999,0.0013037922856444226,0.1%
PC253,0.973417,0.0012961611271382232,0.1%
PC254,0.9705959999999999,0.0012924048022130812,0.1%
PC255,0.9635540000000001,0.0012830279712585087,0.1%
PC256,0.95401,0.0012703195823589853,0.1%
PC257,0.940449,0.0012522623252480846,0.1%
PC258,0.9348549999999999,0.0012448135901785191,0.1%
PC259,0.932185,0.0012412583305010541,0.1%
PC260,0.921515,0.00122705060737051,0.1%
PC261,0.915192,0.0012186311665687828,0.1%
PC262,0.9139780000000001,0.001217014655239778,0.1%
PC263,0.9085260000000001,0.0012097550013965047,0.1%
PC264,0.8889610000000001,0.0011837030704640685,0.1%
PC265,0.887179,0.001181330234229895,0.1%
PC266,0.880558,0.0011725139891645405,0.1%
PC267,0.8765809999999999,0.0011672183832704287,0.1%
PC268,0.8688540000000001,0.001156929435132686,0.1%
PC269,0.863348,0.0011495978771611044,0.1%
PC270,0.858193,0.0011427336960235265,0.1%
PC271,0.853075,0.0011359187825294194,0.1%
PC272,0.846389,0.0011270159861985086,0.1%
PC273,0.838232,0.0011161544681501628,0.1%
PC274,0.8303659999999999,0.0011056804334599228,0.1%
PC275,0.824891,0.0010983901537842222,0.1%
PC276,0.822923,0.0010957696477747645,0.1%
PC277,0.813846,0.0010836830964293148,0.1%
PC278,0.806628,0.0010740719112787745,0.1%
PC279,0.796199,0.0010601850936097542,0.1%
PC280,0.793766,0.0010569454131620867,0.1%
PC281,0.792517,0.0010552822973054748,0.1%
PC282,0.780617,0.0010394367579190198,0.1%
PC283,0.7788579999999999,0.0010370945475172738,0.1%
PC284,0.771225,0.001026930765825105,0.1%
PC285,0.767985,0.001022616518126608,0.1%
PC286,0.763509,0.0010166564648246103,0.1%
PC287,0.756785,0.0010077030692922974,0.1%
PC288,0.749693,0.000998259660441143,0.1%
PC289,0.743482,0.0009899893541277587,0.1%
PC290,0.731701,0.0009743022701351683,0.1%
PC291,0.7292890000000001,0.0009710905524040651,0.1%
PC292,0.724334,0.0009644926828528142,0.1%
PC293,0.7208289999999999,0.0009598255723024338,0.1%
PC294,0.71662,0.0009542210449681827,0.1%
PC295,0.708499,0.0009434074630053758,0.1%
PC296,0.700833,0.000933199739901463,0.1%
PC297,0.696479,0.0009274021366671247,0.1%
PC298,0.69006,0.0009188548663039605,0.1%
PC299,0.689389,0.0009179613909318335,0.1%
PC300,0.683244,0.0009097789674419371,0.1%
PC301,0.679859,0.0009052716438433531,0.1%
PC302,0.671391,0.000893996011278269,0.1%
PC303,0.666176,0.0008870519366647932,0.1%
PC304,0.6617350000000001,0.0008811384878904028,0.1%
PC305,0.653938,0.0008707563306974456,0.1%
PC306,0.638266,0.0008498881547928639,0.1%
PC307,0.633875,0.0008440412839150551,0.1%
PC308,0.631161,0.0008404274356885981,0.1%
PC309,0.6239279999999999,0.000830796277169083,0.1%
PC310,0.613448,0.0008168415500455496,0.1%
PC311,0.60892,0.0008108122557311069,0.1%
PC312,0.606955,0.0008081957443954444,0.1%
PC313,0.601008,0.0008002769693760118,0.1%
PC314,0.59854,0.0007969906844007368,0.1%
PC315,0.595122,0.0007924394193904089,0.1%
PC316,0.5913149999999999,0.0007873701783446749,0.1%
PC317,0.584593,0.0007784194459282254,0.1%
PC318,0.580242,0.000772625837367682,0.1%
PC319,0.577444,0.0007689001382749675,0.1%
PC320,0.571362,0.0007608016029347644,0.1%
PC321,0.563336,0.0007501145189754627,0.1%
PC322,0.556864,0.000741496676041922,0.1%
PC323,0.555443,0.0007396045322210688,0.1%
PC324,0.5528529999999999,0.0007361557971781343,0.1%
PC325,0.5496340000000001,0.0007318695121962019,0.1%
PC326,0.542982,0.0007230119888349666,0.1%
PC327,0.538632,0.000717219711832355,0.1%
PC328,0.5300279999999999,0.0007057629873885684,0.1%
PC329,0.5292979999999999,0.0007047909500984749,0.1%
PC330,0.524947,0.0006989973415379318,0.1%
PC331,0.5229779999999999,0.0006963755039705425,0.1%
PC332,0.518309,0.0006901584599877395,0.1%
PC333,0.511981,0.0006817323613963539,0.1%
PC334,0.509738,0.0006787456769556969,0.1%
PC335,0.5037010000000001,0.0006707070617224173,0.1%
PC336,0.499655,0.0006653195783310225,0.1%
PC337,0.497366,0.0006622716422255103,0.1%
PC338,0.48996899999999993,0.000652422108205207,0.1%
PC339,0.48114399999999996,0.0006406711094585293,0.1%
PC340,0.474279,0.000631529964257856,0.1%
PC341,0.47207899999999997,0.0006286005368082592,0.1%
PC342,0.46503900000000004,0.0006192263689695497,0.1%
PC343,0.460388,0.0006130332930295159,0.1%
PC344,0.45762700000000006,0.0006093568615802721,0.1%
PC345,0.45005200000000006,0.000599270310248138,0.1%
PC346,0.448838,0.0005976537989191332,0.1%
PC347,0.441895,0.0005884087921997922,0.1%
PC348,0.44093699999999997,0.0005871331597012859,0.1%
PC349,0.43423900000000004,0.0005782143846751956,0.1%
PC350,0.42996,0.00057251664828573,0.1%
PC351,0.42682,0.0005683355563803965,0.1%
PC352,0.42173599999999994,0.0005615659158559647,0.1%
PC353,0.41948599999999997,0.0005585699105097864,0.1%
PC354,0.41025500000000004,0.0005462782992428648,0.1%
PC355,0.406037,0.0005406617878872289,0.1%
PC356,0.399156,0.0005314993377596494,0.1%
PC357,0.39858299999999997,0.0005307363550648226,0.1%
PC358,0.393827,0.0005244034655419671,0.1%
PC359,0.392825,0.000523069244494469,0.1%
PC360,0.387241,0.0005156338250042198,0.1%
PC361,0.383346,0.000510447406860502,0.1%
PC362,0.38058800000000004,0.0005067749700850531,0.1%
PC363,0.369421,0.0004919054626624864,0.0%
PC364,0.364521,0.0004853808287974755,0.0%
PC365,0.36031799999999997,0.00047978429081081415,0.0%
PC366,0.35822600000000004,0.00047699867161783406,0.0%
PC367,0.355653,0.0004735725730597375,0.0%
PC368,0.348749,0.0004643794970997303,0.0%
PC369,0.344008,0.0004580665809458494,0.0%
PC370,0.339021,0.0004514261015407863,0.0%
PC371,0.335807,0.00044714647434851185,0.0%
PC372,0.334223,0.0004450372865848022,0.0%
PC373,0.327373,0.00043591611475310335,0.0%
PC374,0.32538,0.000433262319795355,0.0%
PC375,0.322667,0.00042964980312682957,0.0%
PC376,0.318168,0.0004236591239924043,0.0%
PC377,0.316818,0.0004218615207846972,0.0%
PC378,0.311895,0.0004153062610872587,0.0%
PC379,0.310619,0.0004136071931664926,0.0%
PC380,0.30336199999999997,0.0004039440772566183,0.0%
PC381,0.297783,0.00039651531555602744,0.0%
PC382,0.293048,0.0003902103887497362,0.0%
PC383,0.289056,0.00038489480948664985,0.0%
PC384,0.283156,0.00037703861769000413,0.0%
PC385,0.280921,0.00037406258571280013,0.0%
PC386,0.278401,0.0003707070597250803,0.0%
PC387,0.27458299999999997,0.00036562317154209827,0.0%
PC388,0.26968600000000004,0.00035910253235088243,0.0%
PC389,0.265334,0.0003533075922324074,0.0%
PC390,0.26113600000000003,0.00034771771203540426,0.0%
PC391,0.256889,0.00034206258549975086,0.0%
PC392,0.252203,0.0003358229050321099,0.0%
PC393,0.25102199999999997,0.00033425033511484903,0.0%
PC394,0.247369,0.0003293861539905869,0.0%
PC395,0.24404800000000001,0.00032496405009962753,0.0%
PC396,0.239227,0.00031854460931121577,0.0%
PC397,0.235803,0.000313985354953298,0.0%
PC398,0.231636,0.00030843675305217545,0.0%
PC399,0.22729899999999997,0.00030266178630267496,0.0%
PC400,0.22475,0.00029926764513493775,0.0%
PC401,0.22069299999999997,0.000293865514606295,0.0%
PC402,0.220117,0.00029309853723767334,0.0%
PC403,0.216775,0.0002886484706301496,0.0%
PC404,0.213905,0.00028482689936635755,0.0%
PC405,0.20854099999999998,0.000277684422621068,0.0%
PC406,0.201577,0.0002684114531851628,0.0%
PC407,0.198438,0.00026423169283776093,0.0%
PC408,0.19563599999999998,0.00026050066751332,0.0%
PC409,0.190976,0.0002542956075519015,0.0%
PC410,0.18748099999999998,0.0002496418125808376,0.0%
PC411,0.186409,0.00024821438247812504,0.0%
PC412,0.180507,0.00024035552756561602,0.0%
PC413,0.178466,0.00023763781782714928,0.0%
PC414,0.17622100000000002,0.00023464847027062898,0.0%
PC415,0.17066199999999998,0.00022724633972867066,0.0%
PC416,0.168345,0.0002241611200010727,0.0%
PC417,0.16660999999999998,0.00022185086698968618,0.0%
PC418,0.161799,0.00021544474178059083,0.0%
PC419,0.153305,0.00020413448870928422,0.0%
PC420,0.152281,0.0002027709733872901,0.0%
PC421,0.151518,0.00020175499468545272,0.0%
PC422,0.14903,0.00019844207855154513,0.0%
PC423,0.145642,0.00019393076027916616,0.0%
PC424,0.14183900000000002,0.00018886684546515878,0.0%
PC425,0.140718,0.00018737416902379607,0.0%
PC426,0.13345,0.00017769640597667383,0.0%
PC427,0.129618,0.00017259387598264899,0.0%
PC428,0.127397,0.00016963648581648792,0.0%
PC429,0.12380999999999999,0.0001648601875157136,0.0%
PC430,0.11923199999999999,0.00015876431530468916,0.0%
PC431,0.115157,0.00015333821673327706,0.0%
PC432,0.11231,0.00014954727130191259,0.0%
PC433,0.107353,0.00014294673863479853,0.0%
PC434,0.10423800000000001,0.0001387989356777559,0.0%
PC435,0.10119,0.00013474034710213282,0.0%
PC436,0.094375,0.00012566577979804115,0.0%
PC437,0.093937,0.00012508255742398508,0.0%
PC438,0.0,0.0,0.0%
PC439,0.0,0.0,0.0%
PC440,0.0,0.0,0.0%
PC441,0.0,0.0,0.0%
PC442,0.0,0.0,0.0%
PC443,0.0,0.0,0.0%
PC444,0.0,0.0,0.0%
PC445,0.0,0.0,0.0%
PC446,0.0,0.0,0.0%
PC447,0.0,0.0,0.0%
PC448,0.0,0.0,0.0%
PC449,0.0,0.0,0.0%
PC450,0.0,0.0,0.0%
PC451,0.0,0.0,0.0%
PC452,0.0,0.0,0.0%
PC453,0.0,0.0,0.0%
PC454,0.0,0.0,0.0%
PC455,0.0,0.0,0.0%
PC456,0.0,0.0,0.0%
PC457,0.0,0.0,0.0%
PC458,0.0,0.0,0.0%
PC459,0.0,0.0,0.0%
PC460,0.0,0.0,0.0%
PC461,0.0,0.0,0.0%
PC462,0.0,0.0,0.0%
PC463,0.0,0.0,0.0%
PC464,0.0,0.0,0.0%
PC465,0.0,0.0,0.0%
PC466,0.0,0.0,0.0%
PC467,0.0,0.0,0.0%
PC468,0.0,0.0,0.0%
PC469,0.0,0.0,0.0%
PC470,0.0,0.0,0.0%
PC471,0.0,0.0,0.0%
PC472,0.0,0.0,0.0%
PC473,0.0,0.0,0.0%
PC474,0.0,0.0,0.0%
PC475,0.0,0.0,0.0%
PC476,0.0,0.0,0.0%
PC477,0.0,0.0,0.0%
PC478,0.0,0.0,0.0%
PC479,0.0,0.0,0.0%
PC480,0.0,0.0,0.0%
PC481,0.0,0.0,0.0%
PC482,0.0,0.0,0.0%
PC483,0.0,0.0,0.0%
PC484,0.0,0.0,0.0%
PC485,0.0,0.0,0.0%
PC486,0.0,0.0,0.0%
PC487,0.0,0.0,0.0%
PC488,0.0,0.0,0.0%
PC489,0.0,0.0,0.0%
PC490,0.0,0.0,0.0%
PC491,0.0,0.0,0.0%
PC492,0.0,0.0,0.0%
PC493,0.0,0.0,0.0%
PC494,0.0,0.0,0.0%
PC495,0.0,0.0,0.0%
PC496,0.0,0.0,0.0%
PC497,0.0,0.0,0.0%
PC498,0.0,0.0,0.0%
PC499,0.0,0.0,0.0%
PC500,0.0,0.0,0.0%
PC501,0.0,0.0,0.0%
PC502,0.0,0.0,0.0%
PC503,0.0,0.0,0.0%
PC504,0.0,0.0,0.0%
PC505,0.0,0.0,0.0%
PC506,0.0,0.0,0.0%
PC507,0.0,0.0,0.0%
PC508,0.0,0.0,0.0%
PC509,0.0,0.0,0.0%
PC510,0.0,0.0,0.0%
PC511,0.0,0.0,0.0%
PC512,0.0,0.0,0.0%
PC513,0.0,0.0,0.0%
PC514,0.0,0.0,0.0%
PC515,0.0,0.0,0.0%
PC516,0.0,0.0,0.0%
PC517,0.0,0.0,0.0%
PC518,0.0,0.0,0.0%
PC519,0.0,0.0,0.0%
PC520,0.0,0.0,0.0%
PC521,0.0,0.0,0.0%
PC522,0.0,0.0,0.0%
PC523,0.0,0.0,0.0%
PC524,0.0,0.0,0.0%
PC525,0.0,0.0,0.0%
PC526,0.0,0.0,0.0%
PC527,0.0,0.0,0.0%
PC528,0.0,0.0,0.0%
PC529,0.0,0.0,0.0%
PC530,0.0,0.0,0.0%
PC531,0.0,0.0,0.0%
PC532,0.0,0.0,0.0%
PC533,0.0,0.0,0.0%
PC534,0.0,0.0,0.0%
PC535,0.0,0.0,0.0%
PC536,0.0,0.0,0.0%
PC537,0.0,0.0,0.0%
PC538,0.0,0.0,0.0%
PC539,0.0,0.0,0.0%
PC540,0.0,0.0,0.0%
PC541,0.0,0.0,0.0%
PC542,0.0,0.0,0.0%
PC543,0.0,0.0,0.0%
PC544,0.0,0.0,0.0%
PC545,0.0,0.0,0.0%
PC546,0.0,0.0,0.0%
PC547,0.0,0.0,0.0%
PC548,0.0,0.0,0.0%
PC549,0.0,0.0,0.0%
PC550,0.0,0.0,0.0%
PC551,0.0,0.0,0.0%
PC552,0.0,0.0,0.0%
PC553,0.0,0.0,0.0%
PC554,0.0,0.0,0.0%
PC555,0.0,0.0,0.0%
PC556,0.0,0.0,0.0%
PC557,0.0,0.0,0.0%
PC558,0.0,0.0,0.0%
PC559,0.0,0.0,0.0%
PC560,0.0,0.0,0.0%
PC561,0.0,0.0,0.0%
PC562,0.0,0.0,0.0%
PC563,0.0,0.0,0.0%
PC564,0.0,0.0,0.0%
PC565,0.0,0.0,0.0%
PC566,0.0,0.0,0.0%
PC567,0.0,0.0,0.0%
PC568,0.0,0.0,0.0%
PC569,0.0,0.0,0.0%
PC570,0.0,0.0,0.0%
PC571,0.0,0.0,0.0%
PC572,0.0,0.0,0.0%
PC573,0.0,0.0,0.0%
PC574,0.0,0.0,0.0%
PC575,0.0,0.0,0.0%
PC576,0.0,0.0,0.0%
PC577,0.0,0.0,0.0%
PC578,0.0,0.0,0.0%
PC579,0.0,0.0,0.0%
PC580,0.0,0.0,0.0%
PC581,0.0,0.0,0.0%
PC582,0.0,0.0,0.0%
PC583,0.0,0.0,0.0%
PC584,0.0,0.0,0.0%
PC585,0.0,0.0,0.0%
PC586,0.0,0.0,0.0%
PC587,0.0,0.0,0.0%
PC588,0.0,0.0,0.0%
PC589,-0.0,-0.0,-0.0%
PC590,-0.0,-0.0,-0.0%
PC591,-0.0,-0.0,-0.0%
PC592,-0.0,-0.0,-0.0%
PC593,-0.0,-0.0,-0.0%
PC594,-0.0,-0.0,-0.0%
PC595,-0.0,-0.0,-0.0%
PC596,-0.0,-0.0,-0.0%
PC597,-0.0,-0.0,-0.0%
PC598,-0.0,-0.0,-0.0%
PC599,-0.0,-0.0,-0.0%
PC600,-0.0,-0.0,-0.0%
PC601,-0.0,-0.0,-0.0%
PC602,-0.0,-0.0,-0.0%
PC603,-0.0,-0.0,-0.0%
PC604,-0.0,-0.0,-0.0%
PC605,-0.0,-0.0,-0.0%
PC606,-0.0,-0.0,-0.0%
PC607,-0.0,-0.0,-0.0%
PC608,-0.0,-0.0,-0.0%
PC609,-0.0,-0.0,-0.0%
PC610,-0.0,-0.0,-0.0%
PC611,-0.0,-0.0,-0.0%
PC612,-0.0,-0.0,-0.0%
PC613,-0.0,-0.0,-0.0%
PC614,-0.0,-0.0,-0.0%
PC615,-0.0,-0.0,-0.0%
PC616,-0.0,-0.0,-0.0%
PC617,-0.0,-0.0,-0.0%
PC618,-0.0,-0.0,-0.0%
PC619,-0.0,-0.0,-0.0%
PC620,-0.0,-0.0,-0.0%
PC621,-0.0,-0.0,-0.0%
PC622,-0.0,-0.0,-0.0%
PC623,-0.0,-0.0,-0.0%
PC624,-0.0,-0.0,-0.0%
PC625,-0.0,-0.0,-0.0%
PC626,-0.0,-0.0,-0.0%
PC627,-0.0,-0.0,-0.0%
PC628,-0.0,-0.0,-0.0%
PC629,-0.0,-0.0,-0.0%
PC630,-0.0,-0.0,-0.0%
PC631,-0.0,-0.0,-0.0%
PC632,-0.0,-0.0,-0.0%
PC633,-0.0,-0.0,-0.0%
PC634,-0.0,-0.0,-0.0%
PC635,-0.0,-0.0,-0.0%
PC636,-0.0,-0.0,-0.0%
PC637,-0.0,-0.0,-0.0%
PC638,-0.0,-0.0,-0.0%
PC639,-0.0,-0.0,-0.0%
PC640,-0.0,-0.0,-0.0%
PC641,-0.0,-0.0,-0.0%
PC642,-0.0,-0.0,-0.0%
PC643,-0.0,-0.0,-0.0%
PC644,-0.0,-0.0,-0.0%
PC645,-0.0,-0.0,-0.0%
PC646,-0.0,-0.0,-0.0%
PC647,-0.0,-0.0,-0.0%
PC648,-0.0,-0.0,-0.0%
PC649,-0.0,-0.0,-0.0%
PC650,-0.0,-0.0,-0.0%
PC651,-0.0,-0.0,-0.0%
PC652,-0.0,-0.0,-0.0%
PC653,-0.0,-0.0,-0.0%
PC654,-0.0,-0.0,-0.0%
PC655,-0.0,-0.0,-0.0%
PC656,-0.0,-0.0,-0.0%
PC657,-0.0,-0.0,-0.0%
PC658,-0.0,-0.0,-0.0%
PC659,-0.0,-0.0,-0.0%
PC660,-0.0,-0.0,-0.0%
PC661,-0.0,-0.0,-0.0%
PC662,-0.0,-0.0,-0.0%
PC663,-0.0,-0.0,-0.0%
PC664,-0.0,-0.0,-0.0%
PC665,-0.0,-0.0,-0.0%
PC666,-0.0,-0.0,-0.0%
PC667,-0.0,-0.0,-0.0%
PC668,-0.0,-0.0,-0.0%
PC669,-0.0,-0.0,-0.0%
PC670,-0.0,-0.0,-0.0%
PC671,-0.0,-0.0,-0.0%
PC672,-0.0,-0.0,-0.0%
PC673,-0.0,-0.0,-0.0%
PC674,-0.0,-0.0,-0.0%
PC675,-0.0,-0.0,-0.0%
PC676,-0.0,-0.0,-0.0%
PC677,-0.0,-0.0,-0.0%
PC678,-0.0,-0.0,-0.0%
PC679,-0.0,-0.0,-0.0%
PC680,-0.0,-0.0,-0.0%
PC681,-0.0,-0.0,-0.0%
PC682,-0.0,-0.0,-0.0%
PC683,-0.0,-0.0,-0.0%
PC684,-0.0,-0.0,-0.0%
PC685,-0.0,-0.0,-0.0%
PC686,-0.0,-0.0,-0.0%
PC687,-0.0,-0.0,-0.0%
PC688,-0.0,-0.0,-0.0%
PC689,-0.0,-0.0,-0.0%
PC690,-0.0,-0.0,-0.0%
PC691,-0.0,-0.0,-0.0%
PC692,-0.0,-0.0,-0.0%
PC693,-0.0,-0.0,-0.0%
PC694,-0.0,-0.0,-0.0%
PC695,-0.0,-0.0,-0.0%
PC696,-0.0,-0.0,-0.0%
PC697,-0.0,-0.0,-0.0%
PC698,-0.0,-0.0,-0.0%
PC699,-0.0,-0.0,-0.0%
PC700,-0.0,-0.0,-0.0%
PC701,-0.0,-0.0,-0.0%
PC702,-0.0,-0.0,-0.0%
PC703,-0.0,-0.0,-0.0%
PC704,-0.0,-0.0,-0.0%
PC705,-0.0,-0.0,-0.0%
PC706,-0.0,-0.0,-0.0%
PC707,-0.0,-0.0,-0.0%
PC708,-0.0,-0.0,-0.0%
PC709,-0.0,-0.0,-0.0%
PC710,-0.0,-0.0,-0.0%
PC711,-0.0,-0.0,-0.0%
PC712,-0.0,-0.0,-0.0%
PC713,-0.0,-0.0,-0.0%
PC714,-0.0,-0.0,-0.0%
PC715,-0.0,-0.0,-0.0%
PC716,-0.0,-0.0,-0.0%
PC717,-0.0,-0.0,-0.0%
PC718,-0.0,-0.0,-0.0%
PC719,-0.0,-0.0,-0.0%
PC720,-0.0,-0.0,-0.0%
PC721,-0.0,-0.0,-0.0%
PC722,-0.0,-0.0,-0.0%
PC723,-0.0,-0.0,-0.0%
PC724,-0.0,-0.0,-0.0%
PC725,-0.0,-0.0,-0.0%
PC726,-0.0,-0.0,-0.0%
PC727,-0.0,-0.0,-0.0%
PC728,-0.0,-0.0,-0.0%
PC729,-0.0,-0.0,-0.0%
PC730,-0.0,-0.0,-0.0%
PC731,-0.0,-0.0,-0.0%
PC732,-0.0,-0.0,-0.0%
PC733,-0.0,-0.0,-0.0%
PC734,-0.0,-0.0,-0.0%
PC735,-0.0,-0.0,-0.0%
PC736,-0.0,-0.0,-0.0%
PC737,-0.0,-0.0,-0.0%
PC738,-0.0,-0.0,-0.0%
PC739,-0.0,-0.0,-0.0%
PC740,-0.0,-0.0,-0.0%
PC741,-0.0,-0.0,-0.0%
PC742,-0.0,-0.0,-0.0%
PC743,-0.0,-0.0,-0.0%
PC744,-0.0,-0.0,-0.0%
PC745,-0.0,-0.0,-0.0%
PC746,-0.0,-0.0,-0.0%
PC747,-0.0,-0.0,-0.0%
PC748,-0.0,-0.0,-0.0%
PC749,-0.0,-0.0,-0.0%
PC750,-0.0,-0.0,-0.0%
PC751,-0.0,-0.0,-0.0%
PC752,-0.0,-0.0,-0.0%
