region,population,family,sample,PC1,PC2,PC3,PC4,PC5,PC6,PC7,PC8,PC9,PC10,PC11,PC12,PC13,PC14,PC15
AFR,LWK,NA19017,NA19017,-0.0612,-0.0027,-0.0709,-0.0008,-0.0068,0.0038,0.0005,0.0031,0.0284,0.0315,-0.0201,-0.0238,-0.0133,-0.0145,0.0139
AFR,LWK,NA19019,NA19019,-0.0616,-0.0023,-0.0773,-0.0042,0.0037,-0.0149,0.004,0.0391,0.0095,-0.0569,0.105,0.056,-0.0434,-0.0274,-0.0079
AFR,LWK,NA19020,NA19020,-0.0615,-0.0012,-0.0592,-0.0022,-0.0025,-0.0046,0.0044,0.0161,0.0056,-0.0096,-0.0078,0.0113,-0.0266,-0.0103,0.0109
AFR,LWK,NA19023,NA19023,-0.0636,-0.0026,-0.0649,-0.0032,-0.0128,0.0047,0.0124,-0.0242,0.0626,-0.0617,-0.0077,0.0105,0.009,0.0149,0.0289
AFR,LWK,NA19024,NA19024,-0.0605,-0.0004,-0.077,-0.0071,-0.003,0.002,-0.0021,-0.0421,-0.0482,0.007,0.0386,0.0259,0.0363,-0.0099,0.0315
AFR,LWK,NA19025,NA19025,-0.0617,-0.0016,-0.0872,-0.0063,0.0068,-0.0062,0.0187,0.0388,0.0603,0.0184,0.0004,-0.0092,0.0423,-0.1182,-0.1024
AFR,LWK,NA19026,NA19026,-0.0624,-0.0012,-0.0899,-0.0178,-0.0025,0.006,0.0273,-0.0592,-0.0034,0.0483,-0.045,0.0428,-0.0171,-0.14,0.0693
AFR,LWK,NA19028,NA19028,-0.0588,0.0004,-0.0729,-0.0021,-0.0074,0.004,0.0137,-0.0183,-0.0007,0.0618,0.0055,-0.092,-0.0642,-0.1019,-0.0049
AFR,LWK,NA19030,NA19030,-0.0623,-0.002,-0.0782,-0.0017,-0.012,-0.0143,0.0014,-0.0408,-0.0574,-0.054,-0.0031,0.0189,0.0158,-0.0017,0.0013
AFR,LWK,NA19031,NA19031,-0.0598,-0.0015,-0.0783,0.0015,-0.0027,-0.006,0.0056,-0.0028,-0.0301,-0.0873,0.0199,0.019,0.0928,0.0405,-0.0568
AFR,LWK,NA19035,NA19035,-0.0616,-0.0008,-0.0665,-0.0037,-0.0131,0.0145,0.0056,0.003,-0.0256,-0.0196,0.0122,-0.0133,0.0302,0.0419,-0.0659
AFR,LWK,NA19036,NA19036,-0.0626,-0.0018,-0.0671,-0.0084,0.0077,-0.0269,0.0061,0.013,0.0388,-0.0201,0.0648,-0.0522,0.0004,0.0143,0.0235
AFR,LWK,NA19038,NA19038,-0.0617,-0.0018,-0.0749,-0.0064,-0.0021,0.021,-0.0135,-0.0334,-0.0509,0.0443,-0.0091,0.0114,0.0225,0.0354,-0.0459
AFR,LWK,NA19041,NA19041,-0.061,-0.002,-0.0717,-0.0147,0.0177,-0.0135,-0.0153,-0.0239,-0.0823,-0.0114,-0.0062,-0.0329,-0.0163,0.0482,-0.0301
AFR,LWK,NA19043,NA19043,-0.0615,-0.0013,-0.0777,-0.009,-0.0017,0.0051,0.0063,0.0077,-0.0037,-0.0252,0.0162,-0.0622,-0.0301,-0.0017,-0.0556
AFR,LWK,NA19307,NA19307,-0.0604,0.0003,-0.0867,-0.0057,-0.0024,0.016,0.0414,0.0875,0.1534,0.0404,-0.143,-0.0008,-0.0285,0.1473,0.11
AFR,LWK,NA19308,NA19308,-0.0609,-0.0021,-0.0726,0.0027,0.0003,-0.0084,-0.0131,0.0258,0.0444,0.0571,0.0788,0.0029,-0.0127,0.0268,-0.0382
AFR,LWK,NA19309,NA19309,-0.0614,-0.0011,-0.0749,-0.0023,-0.0038,-0.0155,0.0212,-0.0261,-0.0216,0.0046,-0.0323,0.036,-0.0811,0.0088,0.0444
AFR,LWK,NA19310,NA19310,-0.0631,-0.0026,-0.0726,0.0065,-0.0042,0.0195,0.0071,0.0169,0.0149,-0.0026,-0.0097,0.0651,0.0671,0.0245,-0.007
AFR,LWK,NA19312,NA19312,-0.0635,-0.0019,-0.0763,-0.0036,-0.0057,0.0045,0.0413,0.0641,0.1338,0.0516,-0.1961,-0.0228,-0.0489,0.1353,0.0539
AFR,LWK,NA19314,NA19314,-0.0586,-0.0009,-0.0756,0.0156,0.0109,-0.0024,-0.0323,-0.0302,-0.0072,0.0274,0.0073,0.0153,-0.0312,0.0458,-0.0104
AFR,LWK,NA19315,NA19315,-0.0601,-0.0019,-0.0657,0.0045,-0.0067,0.0187,-0.01,-0.0521,-0.048,0.0209,0.0462,-0.0195,-0.0022,0.0225,0.0154
AFR,LWK,NA19316,NA19316,-0.0621,-0.0023,-0.0826,0.0035,-0.0009,-0.007,0.0176,-0.0147,0.084,-0.0156,-0.017,0.0719,-0.0016,0.0888,0.0461
AFR,LWK,NA19317,NA19317,-0.0624,-0.0015,-0.0693,-0.0026,-0.0101,0.0048,-0.0029,-0.078,-0.0264,-0.0112,0.0309,0.0706,-0.0324,-0.1125,0.0433
AFR,LWK,NA19318,NA19318,-0.0611,-0.0012,-0.0771,-0.0067,0.0017,0.0041,0.012,-0.0109,-0.0272,-0.0936,-0.0268,-0.0396,0.0168,-0.0823,0.0234
AFR,LWK,NA19319,NA19319,-0.0608,-0.0027,-0.0716,-0.0073,-0.0068,0.0103,0.0271,0.011,-0.047,0.0057,0.0161,-0.0064,0.0551,0.0066,0.0268
AFR,LWK,NA19321,NA19321,-0.0608,-0.0012,-0.0644,-0.0205,0.0015,-0.0139,0.0149,0.0029,-0.0235,0.0037,-0.0119,0.002,0.0008,0.056,0.058
AFR,LWK,NA19323,NA19323,-0.0592,0.0,-0.0724,-0.0028,0.0029,-0.0018,-0.0129,-0.0355,-0.0209,0.0004,0.0446,-0.0073,-0.0267,-0.0336,0.0499
AFR,LWK,NA19324,NA19324,-0.0624,-0.0027,-0.0648,-0.0181,-0.009,0.0158,0.0282,-0.0202,0.0188,0.0252,0.0088,0.0219,-0.0136,-0.0102,-0.0077
AFR,LWK,NA19327,NA19327,-0.0585,-0.0009,-0.0779,0.0072,0.0106,-0.0123,-0.0252,-0.043,0.0493,-0.0113,0.0474,-0.0358,-0.0343,0.0456,-0.0564
AFR,LWK,NA19328,NA19328,-0.0615,-0.0014,-0.0874,-0.0159,0.0081,-0.0171,-0.0201,0.0103,-0.0047,0.0272,-0.0227,0.0734,0.0312,-0.0458,-0.0081
AFR,LWK,NA19332,NA19332,-0.062,-0.002,-0.0731,0.0118,0.0041,-0.0013,-0.0006,0.0025,-0.0548,-0.0174,0.0259,0.0451,0.0297,-0.05,-0.0049
AFR,LWK,NA19338,NA19338,-0.0603,-0.0002,-0.0743,0.0018,-0.007,-0.0031,0.0055,0.0061,0.0224,0.0196,0.0058,-0.0137,0.0572,0.1005,0.0066
AFR,LWK,NA19346,NA19346,-0.0626,-0.0018,-0.0841,0.0049,-0.0003,-0.0003,0.0433,0.0052,-0.0629,-0.0293,-0.0511,0.0791,-0.0163,-0.0046,0.037
AFR,LWK,NA19347,NA19347,-0.0604,-0.0009,-0.0693,-0.0023,0.0005,0.0064,0.0071,-0.0084,0.0227,-0.0031,0.0222,-0.0166,-0.0009,-0.0255,0.0132
AFR,LWK,NA19350,NA19350,-0.0603,-0.0025,-0.0843,-0.0038,-0.0063,-0.0149,-0.0222,-0.048,0.034,0.009,0.005,0.005,0.0561,0.0138,-0.0958
AFR,LWK,NA19351,NA19351,-0.0629,-0.0013,-0.0833,-0.0118,-0.0106,0.0056,0.0056,-0.0296,-0.0018,-0.0033,0.0122,-0.0983,-0.0101,-0.0151,-0.0158
AFR,LWK,NA19355,NA19355,-0.0606,-0.0038,-0.0816,-0.004,0.0013,0.0059,0.0094,0.0555,0.0723,0.081,-0.0967,-0.064,0.0268,0.1166,0.0753
AFR,LWK,NA19360,NA19360,-0.0616,-0.0006,-0.0638,-0.0063,-0.0053,0.0108,0.0175,0.0553,-0.0503,-0.0462,-0.0633,-0.0271,0.0556,0.0595,0.0247
AFR,LWK,NA19372,NA19372,-0.0625,-0.0013,-0.0766,-0.0158,0.0006,0.0433,-0.0206,-0.0475,-0.0287,0.0215,-0.009,0.0122,-0.0402,0.0314,-0.0392
AFR,LWK,NA19374,NA19374,-0.0599,-0.0029,-0.0757,-0.0036,-0.0055,-0.0233,0.0189,0.0121,-0.07,0.0037,0.0253,0.0075,0.007,-0.0148,0.0456
AFR,LWK,NA19375,NA19375,-0.061,-0.0005,-0.0848,-0.0052,-0.0023,0.026,-0.0481,0.0487,-0.0085,-0.0151,0.0268,-0.0362,0.0251,0.0138,-0.0241
AFR,LWK,NA19377,NA19377,-0.0616,-0.0013,-0.0795,-0.0155,-0.0038,-0.0166,-0.007,-0.0356,-0.0543,-0.0285,0.037,-0.0024,-0.0212,-0.0003,0.0095
AFR,LWK,NA19378,NA19378,-0.063,-0.0011,-0.0712,-0.0151,0.0027,0.0163,-0.0071,-0.0704,-0.0628,-0.0239,0.0497,-0.0025,-0.029,0.0112,-0.0166
AFR,LWK,NA19379,NA19379,-0.0631,-0.0,-0.0694,-0.0068,-0.007,0.025,-0.0114,0.0287,-0.0253,0.0297,-0.0231,0.0104,0.0384,-0.0003,-0.0571
AFR,LWK,NA19380,NA19380,-0.0601,-0.0017,-0.0765,-0.0077,-0.004,-0.0068,-0.0111,-0.0226,-0.0307,-0.0043,-0.0649,0.0242,0.0066,-0.0186,-0.0867
AFR,LWK,NA19383,NA19383,-0.0601,-0.0024,-0.0702,-0.001,0.0176,0.012,0.0029,-0.0138,-0.0058,-0.0157,-0.0548,-0.0082,-0.0356,-0.03,0.0438
AFR,LWK,NA19384,NA19384,-0.0637,-0.0021,-0.0884,-0.0021,-0.0025,0.0196,-0.0022,0.0275,0.0515,-0.0406,0.0078,-0.0101,0.0631,-0.1203,-0.0817
AFR,LWK,NA19385,NA19385,-0.0611,-0.0019,-0.0835,-0.0105,-0.0103,0.0161,0.0115,0.0007,0.0268,0.1167,-0.012,-0.082,-0.1032,-0.1494,0.0229
AFR,LWK,NA19390,NA19390,-0.0609,-0.0018,-0.0813,0.0067,0.0153,-0.0113,-0.0057,-0.0075,0.0121,-0.018,-0.0201,0.0407,0.021,-0.0054,-0.0149
AFR,LWK,NA19391,NA19391,-0.0635,-0.0022,-0.0624,-0.0098,0.0115,0.003,0.0011,-0.0128,-0.0004,-0.0038,-0.0012,0.0478,-0.0188,0.0185,0.0374
AFR,LWK,NA19393,NA19393,-0.0618,-0.0024,-0.0802,-0.0035,0.0061,0.0066,-0.0226,0.0814,0.0118,0.0222,0.0023,-0.0614,-0.0421,0.0711,-0.0429
AFR,LWK,NA19394,NA19394,-0.0602,-0.0023,-0.0747,-0.0218,0.006,-0.0096,0.0051,0.0091,-0.0026,-0.0283,-0.0805,-0.0544,-0.0211,-0.0343,0.0046
AFR,LWK,NA19395,NA19395,-0.0605,-0.0012,-0.0762,0.0007,0.0021,-0.0055,0.0354,0.03,-0.0417,-0.01,0.01,0.0118,-0.0333,0.0554,0.0276
AFR,LWK,NA19397,NA19397,-0.0617,-0.0029,-0.078,-0.0142,0.0123,-0.0011,-0.0515,-0.0061,0.0216,0.0615,-0.02,0.0082,0.0347,-0.0032,-0.0768
AFR,LWK,NA19399,NA19399,-0.0653,-0.0014,-0.073,0.0004,-0.0055,-0.0121,0.0283,0.0313,-0.0755,0.0535,-0.0003,0.0797,0.0082,0.0255,0.0532
AFR,LWK,NA19401,NA19401,-0.0599,-0.0022,-0.0686,0.0058,0.0023,0.0049,-0.0108,-0.0182,-0.0612,0.0382,-0.0191,-0.0288,-0.0044,-0.0545,0.0125
AFR,LWK,NA19403,NA19403,-0.0604,-0.0003,-0.0771,0.0009,-0.0003,0.0073,-0.008,0.0202,-0.0421,-0.0416,0.0314,0.0441,-0.0345,-0.0061,-0.0459
AFR,LWK,NA19404,NA19404,-0.0607,-0.0017,-0.0689,-0.0053,-0.0045,-0.0048,-0.0133,0.0089,-0.007,0.0022,0.0011,-0.0606,-0.0241,-0.0359,0.0477
AFR,LWK,NA19428,NA19428,-0.0619,-0.0009,-0.0684,0.0014,-0.0063,-0.0037,0.0458,0.0685,0.0299,-0.0052,0.0095,0.0362,-0.0497,-0.0641,0.0199
AFR,LWK,NA19429,NA19429,-0.0614,-0.0021,-0.0706,-0.0001,0.0006,-0.0112,0.0086,-0.0343,0.0217,-0.0056,0.0158,0.0109,0.0034,-0.0072,-0.047
AFR,LWK,NA19430,NA19430,-0.0608,-0.0024,-0.0784,0.0027,0.0127,-0.0077,-0.0117,0.0189,0.0511,-0.0444,-0.0271,-0.0118,0.0014,-0.0086,0.0137
AFR,LWK,NA19431,NA19431,-0.0626,-0.0018,-0.0721,-0.0094,-0.0004,-0.0124,-0.0028,0.0169,-0.0104,-0.004,-0.0053,0.0441,-0.0553,-0.0385,-0.0284
AFR,LWK,NA19434,NA19434,-0.06,-0.0023,-0.087,-0.0065,-0.0068,0.0047,0.0152,0.0571,0.0388,0.0712,-0.0454,-0.0621,0.0728,0.1244,0.1061
AFR,LWK,NA19435,NA19435,-0.0598,-0.001,-0.065,0.0018,-0.0023,-0.0024,-0.0274,-0.0081,0.0221,-0.0052,0.0012,-0.01,0.0209,-0.0092,0.0362
AFR,LWK,NA19436,NA19436,-0.0616,-0.0012,-0.0771,0.0018,-0.0002,-0.0004,-0.0264,0.0674,-0.0008,-0.0414,-0.0052,-0.0241,0.0289,0.0215,0.0015
AFR,LWK,NA19437,NA19437,-0.0584,-0.0018,-0.0585,0.0056,0.0096,0.0046,0.0014,-0.0252,0.0065,0.0524,0.0019,-0.0471,0.0536,-0.0308,-0.0873
AFR,LWK,NA19438,NA19438,-0.062,-0.0022,-0.0632,0.0071,0.0078,0.0008,-0.0034,-0.0089,-0.0158,0.0,0.0371,-0.0218,-0.0935,-0.0192,0.0508
AFR,LWK,NA19439,NA19439,-0.0611,-0.0026,-0.0751,0.012,0.0026,-0.0088,-0.0073,0.0453,-0.0241,0.0662,0.0073,-0.0558,0.0262,-0.0491,-0.0403
AFR,LWK,NA19440,NA19440,-0.0627,-0.0016,-0.0779,-0.0007,0.0002,-0.0005,-0.0152,-0.0193,0.0192,0.0274,0.0972,0.0388,-0.0393,0.0202,-0.0065
AFR,LWK,NA19443,NA19443,-0.0604,-0.0031,-0.0826,-0.008,-0.0127,0.0071,-0.0103,0.0313,-0.0025,0.011,-0.0357,0.0035,0.0191,0.0433,-0.0848
AFR,LWK,NA19445,NA19445,-0.0619,-0.0015,-0.0761,-0.0043,-0.0015,0.0177,-0.009,0.0119,0.0206,-0.0022,0.0055,-0.0082,-0.0215,-0.0209,-0.0001
AFR,LWK,NA19446,NA19446,-0.0621,-0.0028,-0.0778,-0.0025,-0.0049,-0.009,0.0018,-0.0395,0.0181,-0.049,0.0415,-0.0229,-0.0811,-0.0312,0.069
AFR,LWK,NA19448,NA19448,-0.0605,-0.0015,-0.0713,-0.0052,-0.008,0.0214,0.0079,0.0315,-0.0004,-0.009,0.0452,-0.0007,0.0504,-0.0397,0.0236
AFR,LWK,NA19449,NA19449,-0.0618,-0.003,-0.0664,-0.0113,-0.0172,-0.006,0.0183,0.0243,-0.0045,0.0221,0.0274,0.0385,0.0393,0.0216,0.0412
AFR,LWK,NA19451,NA19451,-0.0616,-0.0016,-0.082,-0.0037,0.008,0.0091,0.0047,0.0261,0.0601,-0.0883,-0.0619,0.0251,-0.0024,-0.0169,0.0131
AFR,LWK,NA19452,NA19452,-0.0595,-0.0001,-0.0793,0.0029,0.0108,-0.0123,-0.0012,0.0313,0.0758,-0.132,-0.0356,0.023,0.0126,-0.0138,-0.0123
AFR,LWK,NA19454,NA19454,-0.0606,-0.0013,-0.0723,-0.0045,0.0022,-0.0003,-0.0037,-0.0233,-0.0112,0.0209,-0.0037,-0.0193,-0.0366,0.0395,-0.012
AFR,LWK,NA19455,NA19455,-0.0608,-0.0011,-0.0581,0.0002,0.0097,-0.0214,-0.0024,-0.044,-0.0377,-0.0516,0.015,0.0024,0.0117,0.0369,0.0428
AFR,LWK,NA19456,NA19456,-0.0618,-0.0041,-0.0556,-0.0093,0.0005,0.0088,0.0014,-0.032,0.0208,0.0164,0.0468,0.0058,0.0041,-0.0404,0.0346
AFR,LWK,NA19457,NA19457,-0.0618,0.0,-0.0656,-0.0052,-0.0025,0.0014,-0.0102,-0.0047,-0.0186,-0.0127,0.0084,-0.0339,-0.0331,0.0015,-0.0178
AFR,LWK,NA19461,NA19461,-0.0608,-0.0,-0.0771,-0.0033,-0.0089,-0.0115,0.0384,-0.0015,0.0291,-0.0022,-0.0013,0.0027,-0.0183,-0.0435,0.0349
AFR,LWK,NA19462,NA19462,-0.0617,-0.0032,-0.0622,-0.0108,-0.0053,-0.0031,-0.0051,-0.0858,0.0118,0.0081,0.0034,0.1066,-0.0478,0.0226,0.0264
AFR,LWK,NA19463,NA19463,-0.06,-0.0029,-0.0774,-0.0089,0.0077,-0.0063,-0.0127,0.0077,0.0075,0.0095,0.0272,-0.0515,0.0102,0.0018,-0.0369
AFR,LWK,NA19466,NA19466,-0.0603,-0.0028,-0.0889,-0.0023,0.0183,-0.0083,0.0085,0.0013,0.0076,0.0215,0.0419,0.0551,0.0118,0.0088,0.0089
AFR,LWK,NA19467,NA19467,-0.0603,-0.0008,-0.084,-0.0155,-0.0072,-0.0016,-0.0366,0.0237,-0.0143,-0.041,-0.0232,0.0189,0.0383,0.0388,-0.0465
AFR,LWK,NA19468,NA19468,-0.0609,-0.0031,-0.0825,0.0081,0.0143,-0.0088,-0.013,-0.0347,0.0358,0.0246,0.031,0.0277,-0.0088,0.0097,-0.0289
AFR,LWK,NA19471,NA19471,-0.0612,-0.0004,-0.0787,-0.0109,0.0082,-0.0011,-0.0106,0.0145,-0.0328,0.0335,-0.0167,0.0344,-0.0349,-0.0618,-0.0575
AFR,LWK,NA19472,NA19472,-0.0602,0.0001,-0.0893,0.0027,0.0221,-0.0077,0.0023,-0.0301,-0.0247,-0.0175,0.0397,-0.0428,0.0444,0.0694,-0.0216
AFR,LWK,NA19473,NA19473,-0.0599,-0.0013,-0.0752,-0.0049,-0.0112,-0.0016,0.0053,-0.0444,-0.029,0.0354,0.0147,0.0074,0.0377,0.0392,-0.061
AFR,LWK,NA19474,NA19474,-0.0604,-0.0017,-0.0673,-0.006,0.0023,-0.0033,-0.0111,-0.0428,-0.0031,-0.0607,0.0219,0.0095,0.0218,0.0131,-0.006
AFR,LWK,NA19475,NA19475,-0.0599,-0.0016,-0.0693,0.0046,-0.0024,0.0063,0.0062,-0.0191,-0.0314,-0.0018,0.0595,-0.0025,0.0559,-0.018,-0.0362
AFR,YRI,NA18486,NA18486,-0.0668,-0.0034,0.0679,-0.0081,0.0049,-0.0074,-0.0047,0.0247,-0.0279,-0.0562,-0.0975,-0.0025,-0.021,0.0434,0.0156
AFR,YRI,NA18488,NA18488,-0.0665,-0.003,0.0822,-0.0193,0.0137,0.0047,0.0037,-0.0388,-0.0939,-0.0572,-0.1458,0.0705,-0.1064,-0.0551,-0.0866
AFR,YRI,NA18489,NA18489,-0.0653,-0.0011,0.0726,-0.0016,-0.005,0.0327,-0.0035,0.0062,-0.125,-0.0888,-0.0614,-0.0635,0.0068,0.0486,0.0119
AFR,YRI,NA18498,NA18498,-0.0665,-0.0028,0.0643,-0.0045,-0.0031,-0.0003,-0.0207,-0.0368,0.0611,0.0107,-0.1148,-0.0488,-0.0206,0.0013,0.0557
AFR,YRI,NA18499,NA18499,-0.0666,-0.0032,0.0676,-0.0025,0.0066,0.0137,0.0293,0.0927,-0.0412,-0.0574,0.0155,-0.0052,0.0045,0.035,0.1867
AFR,YRI,NA18502,NA18502,-0.0662,-0.0024,0.099,0.0013,0.0103,-0.0185,0.0138,-0.0208,0.1254,0.0387,-0.1164,0.1035,-0.1223,-0.0549,-0.0305
AFR,YRI,NA18507,NA18507,-0.0673,-0.0044,0.0674,0.0017,0.0184,0.0062,0.0317,-0.0516,0.0232,-0.0266,0.0466,0.0724,0.0324,-0.0425,-0.0264
AFR,YRI,NA18510,NA18510,-0.0648,-0.0014,0.064,-0.0053,0.0075,0.0001,0.001,-0.0029,0.0069,0.0591,0.0508,0.0109,0.0333,0.0327,-0.0494
AFR,YRI,NA18511,NA18511,-0.0649,-0.0026,0.0546,-0.0111,-0.0025,0.0043,-0.0002,0.0328,0.0083,0.1095,0.058,-0.0656,-0.0105,-0.0423,0.0027
AFR,YRI,NA18516,NA18516,-0.0678,-0.0025,0.0774,0.0017,0.0006,-0.0267,-0.0205,0.1717,-0.1019,-0.1386,0.1282,0.0618,0.0514,0.0049,0.0004
AFR,YRI,NA18519,NA18519,-0.0657,-0.0014,0.0733,0.0017,-0.0094,-0.0134,-0.0018,-0.0836,-0.1455,0.0082,-0.0515,0.0172,0.0557,0.0251,-0.035
AFR,YRI,NA18520,NA18520,-0.0671,-0.0015,0.0708,-0.0044,0.0102,0.0008,-0.0159,0.0322,0.0414,0.0462,0.07,-0.0746,0.077,0.0398,-0.0206
AFR,YRI,NA18522,NA18522,-0.0673,-0.0023,0.0728,0.0014,0.0076,0.0121,0.0059,-0.0392,0.2507,-0.3273,0.1103,-0.2772,-0.0757,0.0521,0.0017
AFR,YRI,NA18853,NA18853,-0.0676,-0.0021,0.0814,-0.0206,0.0058,0.0175,0.0032,-0.0256,0.0266,0.0322,-0.0952,-0.1316,-0.098,-0.0126,0.0517
AFR,YRI,NA18856,NA18856,-0.0665,-0.0003,0.0919,-0.0009,0.0067,-0.0155,0.0079,-0.1129,-0.1341,0.0305,-0.0553,0.057,0.046,-0.1256,-0.105
AFR,YRI,NA18864,NA18864,-0.0649,-0.0023,0.0601,-0.0066,-0.0061,0.0212,0.0031,-0.0012,-0.0386,0.0338,0.0232,0.0714,-0.0695,-0.0163,0.0423
AFR,YRI,NA18865,NA18865,-0.0656,-0.0024,0.0868,-0.0034,0.0132,0.0033,0.0041,0.0219,-0.0272,0.07,0.0261,-0.042,-0.0463,0.0401,0.0118
AFR,YRI,NA18867,NA18867,-0.0661,-0.0035,0.0628,-0.0074,-0.001,-0.0001,-0.0062,-0.0797,-0.0327,-0.1087,0.0116,-0.0649,0.005,-0.0055,0.0247
AFR,YRI,NA18868,NA18868,-0.0662,-0.0039,0.0743,-0.015,0.0038,0.0003,0.0018,-0.0237,0.0586,0.0398,0.0024,0.0125,-0.008,0.0186,0.0267
AFR,YRI,NA18870,NA18870,-0.0674,-0.0033,0.0802,-0.0039,0.0045,-0.0179,0.0222,-0.4704,0.2397,0.0158,0.0525,0.0049,0.1319,-0.1618,0.0533
AFR,YRI,NA18871,NA18871,-0.0681,-0.0034,0.0908,-0.0082,0.0048,-0.0097,-0.0212,0.0183,-0.2625,-0.1181,-0.0816,0.0524,0.0728,-0.0802,0.0036
AFR,YRI,NA18873,NA18873,-0.0667,-0.0025,0.0745,-0.0035,-0.0057,0.0083,-0.0034,0.0703,-0.0049,0.0132,-0.0123,-0.0113,-0.0163,-0.0336,-0.0696
AFR,YRI,NA18874,NA18874,-0.0664,-0.0018,0.0623,-0.009,0.0019,-0.0187,0.0078,0.0113,0.0141,0.0282,0.0704,0.0375,-0.0272,-0.0008,0.0579
AFR,YRI,NA18876,NA18876,-0.0657,-0.0013,0.0731,0.0009,-0.0056,0.0186,-0.0021,-0.0352,-0.0022,0.0388,-0.0667,-0.0193,0.0416,0.052,-0.1174
AFR,YRI,NA18877,NA18877,-0.0659,-0.004,0.0705,-0.0091,-0.0009,-0.014,0.0051,0.074,-0.0135,0.01,-0.0188,0.0302,-0.0488,0.0446,0.0609
AFR,YRI,NA18878,NA18878,-0.0654,-0.002,0.0731,0.0046,-0.0055,-0.0282,0.0226,0.0417,0.0066,-0.0166,0.1089,0.0588,-0.0504,0.0293,-0.1042
AFR,YRI,NA18879,NA18879,-0.0663,-0.0002,0.056,0.0084,0.0107,-0.0092,-0.0456,-0.0595,-0.0353,-0.0714,0.0767,-0.0238,-0.0524,0.0285,0.0523
AFR,YRI,NA18881,NA18881,-0.0649,-0.003,0.0768,-0.0085,0.0027,-0.0399,-0.0257,0.0616,-0.0803,-0.0805,0.0427,0.0335,-0.0457,0.0287,-0.0672
AFR,YRI,NA18907,NA18907,-0.0646,-0.0036,0.0635,-0.019,-0.004,-0.0014,-0.0155,0.0593,-0.1097,-0.1005,0.0222,0.0045,0.1057,0.0292,0.0924
AFR,YRI,NA18908,NA18908,-0.0661,-0.0019,0.0656,-0.0103,-0.0111,0.0034,-0.0136,0.0058,0.0352,0.0364,0.0146,-0.011,0.0245,-0.0617,-0.0851
AFR,YRI,NA18909,NA18909,-0.0669,-0.0022,0.0593,-0.0069,0.0178,0.0237,-0.0177,-0.035,0.0287,-0.0454,0.0078,-0.0104,0.0601,0.0403,-0.1045
AFR,YRI,NA18910,NA18910,-0.0674,-0.0033,0.0755,-0.0044,0.0058,0.0076,0.0056,-0.0203,-0.0018,0.0219,-0.029,0.0173,0.0003,-0.079,-0.0358
AFR,YRI,NA18915,NA18915,-0.0666,-0.0036,0.0648,-0.0051,0.0013,-0.0069,-0.0022,-0.0019,-0.0626,-0.0106,-0.0132,-0.0089,0.0045,-0.0138,0.0215
AFR,YRI,NA18916,NA18916,-0.0668,-0.0043,0.0589,-0.0061,0.0055,0.0052,0.0013,-0.0547,0.0189,0.0341,0.0587,-0.1017,-0.0186,-0.0252,0.0121
AFR,YRI,NA18917,NA18917,-0.0676,-0.0025,0.0806,-0.0185,0.0136,0.0125,-0.0189,0.1621,-0.0419,0.097,0.1575,-0.0269,0.1778,0.0236,0.0599
AFR,YRI,NA18923,NA18923,-0.0687,-0.0038,0.0833,-0.0138,-0.0004,-0.0102,-0.0207,0.0336,0.0496,-0.0627,-0.1045,0.152,-0.0582,-0.0057,-0.1715
AFR,YRI,NA18924,NA18924,-0.0667,-0.0044,0.0697,-0.0007,-0.007,0.0007,-0.0028,0.0172,0.0702,0.0674,0.0523,0.0358,-0.0408,-0.009,0.1023
AFR,YRI,NA18933,NA18933,-0.0671,-0.0023,0.0748,-0.0244,0.0097,0.0005,-0.0045,0.0427,-0.073,0.0933,-0.0506,0.0388,-0.0001,-0.0192,-0.0112
AFR,YRI,NA18934,NA18934,-0.0661,-0.0018,0.0629,-0.0069,0.0077,0.0177,-0.0372,0.0061,0.0316,0.0716,-0.0473,-0.0246,0.0136,-0.0607,-0.0255
AFR,YRI,NA19092,NA19092,-0.0662,-0.0025,0.0555,-0.0002,-0.0141,0.0052,-0.0154,0.1093,-0.0115,0.1172,-0.1676,-0.0258,0.0374,-0.0193,0.0081
AFR,YRI,NA19095,NA19095,-0.0664,-0.003,0.0685,-0.0233,0.0012,0.0152,-0.0053,0.1625,-0.0122,0.0066,0.042,-0.0161,-0.0106,0.0513,-0.0421
AFR,YRI,NA19096,NA19096,-0.0668,-0.0046,0.0667,-0.0067,0.0072,-0.0111,0.0229,0.0707,0.0031,0.0048,-0.1058,0.0221,0.0242,0.0697,0.0435
AFR,YRI,NA19098,NA19098,-0.0658,-0.0026,0.0767,-0.0147,-0.0011,0.0231,-0.0362,0.0798,-0.0818,-0.0138,-0.0271,-0.0136,-0.1126,0.0432,-0.0343
AFR,YRI,NA19102,NA19102,-0.0661,-0.0027,0.0812,-0.0002,-0.0002,-0.0082,-0.008,0.0399,-0.0854,-0.2687,-0.1223,-0.0576,0.073,-0.0199,-0.1817
AFR,YRI,NA19107,NA19107,-0.0662,-0.0017,0.0744,-0.0104,0.0126,0.0052,0.0058,-0.051,0.0339,-0.0934,0.015,0.0559,0.0438,0.0069,-0.075
AFR,YRI,NA19108,NA19108,-0.0664,-0.0035,0.0616,-0.0202,-0.01,-0.014,0.0132,-0.1381,-0.1058,-0.035,0.0778,0.0636,0.2568,-0.0672,0.0457
AFR,YRI,NA19113,NA19113,-0.0656,-0.0025,0.0668,-0.0118,0.0057,0.0133,0.0138,-0.0103,0.0263,0.0368,-0.0598,-0.0426,-0.0132,0.1074,0.0293
AFR,YRI,NA19114,NA19114,-0.0677,-0.0025,0.0789,-0.0063,0.0003,0.0348,0.0318,0.049,0.0541,-0.0023,-0.0181,-0.05,0.2133,-0.0251,0.0005
AFR,YRI,NA19116,NA19116,-0.0676,-0.0014,0.0831,-0.0116,-0.0022,-0.01,-0.012,-0.0341,-0.0305,-0.0792,0.0667,-0.0473,0.0596,0.0852,0.0114
AFR,YRI,NA19117,NA19117,-0.0675,-0.0039,0.0656,0.0008,-0.0077,0.0011,-0.019,-0.0365,-0.0081,-0.0707,0.0258,-0.0667,-0.0072,-0.0479,0.0579
AFR,YRI,NA19118,NA19118,-0.0632,-0.0027,0.0564,-0.0101,-0.0101,0.0056,-0.0262,-0.0373,0.032,-0.0372,-0.0754,-0.1159,-0.0493,-0.0532,-0.0025
AFR,YRI,NA19121,NA19121,-0.0654,-0.0023,0.0676,-0.0047,0.021,-0.0087,-0.0113,0.0362,-0.0116,0.0063,-0.0516,0.0794,0.0624,0.0646,0.02
AFR,YRI,NA19129,NA19129,-0.066,-0.003,0.0707,-0.0122,0.0131,0.0006,-0.0248,-0.1011,-0.1466,0.1745,0.2512,0.1399,-0.1681,0.1223,-0.0683
AFR,YRI,NA19130,NA19130,-0.0654,-0.0011,0.0632,-0.0189,0.0023,0.003,-0.0294,0.0154,-0.0341,0.0892,0.0102,0.0213,0.0543,-0.0259,-0.0176
AFR,YRI,NA19131,NA19131,-0.0667,-0.0031,0.0796,-0.0103,-0.003,-0.0185,-0.0562,0.0355,0.0435,-0.0719,0.0099,-0.1615,0.2319,0.0207,0.082
AFR,YRI,NA19141,NA19141,-0.0673,-0.0024,0.0792,-0.0079,-0.008,-0.0177,-0.0145,0.0314,0.1276,0.0301,0.1123,0.0504,-0.1228,-0.0299,-0.0563
AFR,YRI,NA19143,NA19143,-0.0681,-0.0016,0.0803,-0.0091,-0.0201,-0.0022,-0.0753,-0.1466,-0.1211,0.084,0.1261,-0.2369,-0.2103,0.1927,-0.131
AFR,YRI,NA19144,NA19144,-0.0673,-0.004,0.0785,-0.007,0.0244,-0.014,0.0094,0.0394,-0.028,0.1043,0.0765,-0.0561,-0.1182,-0.0377,0.0049
AFR,YRI,NA19146,NA19146,-0.0666,-0.0017,0.0817,-0.0173,0.0166,-0.0081,0.003,-0.0235,-0.0289,0.0279,0.0304,-0.0191,0.1119,-0.0409,-0.0043
AFR,YRI,NA19147,NA19147,-0.0677,-0.002,0.0784,0.0003,0.0073,0.0262,0.0076,-0.031,0.1964,-0.0906,0.096,0.0108,-0.1001,0.0459,-0.0214
AFR,YRI,NA19149,NA19149,-0.0686,-0.003,0.0701,-0.0114,0.0015,-0.0071,0.0125,-0.0939,-0.0643,0.0861,-0.1485,-0.0245,-0.0048,0.009,-0.0581
AFR,YRI,NA19152,NA19152,-0.0658,-0.003,0.0742,-0.0039,-0.0054,-0.0121,0.0374,0.0267,0.0171,-0.0815,0.1976,0.1516,0.0307,-0.0856,0.2846
AFR,YRI,NA19153,NA19153,-0.0678,-0.0029,0.0913,-0.0103,-0.0124,-0.0045,-0.0035,0.1091,0.1417,0.0681,0.1049,0.1749,-0.04,0.0917,-0.0533
AFR,YRI,NA19159,NA19159,-0.0658,-0.0025,0.0786,-0.0096,0.011,0.0073,0.0096,0.0557,0.1614,0.0125,0.0425,-0.0596,0.1246,-0.0509,0.0026
AFR,YRI,NA19171,NA19171,-0.0671,-0.0026,0.0706,-0.0023,-0.0061,-0.0026,0.039,-0.0759,-0.1136,-0.021,-0.1525,-0.0901,-0.1368,-0.1069,0.2606
AFR,YRI,NA19172,NA19172,-0.0676,-0.0023,0.0719,-0.0036,0.0103,-0.0051,0.0071,-0.1282,-0.0454,-0.044,-0.1212,0.1168,0.0427,0.0414,0.0124
AFR,YRI,NA19175,NA19175,-0.0663,-0.0034,0.07,-0.022,-0.0022,0.0148,0.0218,-0.0228,0.003,-0.0693,-0.0822,0.025,-0.0503,-0.0338,0.0328
AFR,YRI,NA19184,NA19184,-0.0656,-0.0033,0.0731,-0.0035,0.0007,0.0004,0.0089,0.0068,0.0321,0.0066,0.0248,0.0669,0.0238,0.0439,0.0511
AFR,YRI,NA19185,NA19185,-0.0668,-0.0012,0.0899,-0.0042,-0.0089,-0.0015,0.0127,0.1638,0.1058,0.082,-0.0119,0.029,0.036,-0.0076,0.0282
AFR,YRI,NA19189,NA19189,-0.0664,-0.0024,0.0759,-0.0156,0.0021,-0.0081,-0.0158,0.0625,-0.0276,0.104,0.0359,0.0315,0.0173,0.0193,0.0305
AFR,YRI,NA19190,NA19190,-0.0661,-0.0041,0.0697,-0.0077,-0.0089,0.0396,-0.0372,-0.0451,0.1506,0.0672,0.0479,0.0146,-0.0601,-0.042,-0.0307
AFR,YRI,NA19197,NA19197,-0.0663,-0.0025,0.0723,-0.0256,0.0062,-0.0115,0.005,0.082,0.0438,0.0678,0.0486,-0.0356,-0.0309,-0.1128,0.0514
AFR,YRI,NA19198,NA19198,-0.0659,-0.0033,0.0732,-0.015,-0.0014,-0.0065,0.015,0.0445,0.0456,0.0854,0.0092,0.0264,0.0543,0.0142,0.1212
AFR,YRI,NA19204,NA19204,-0.0672,-0.0037,0.0845,-0.007,0.0083,-0.0168,0.0094,-0.1141,0.0071,-0.2016,-0.0086,0.1944,-0.1748,0.135,0.0644
AFR,YRI,NA19207,NA19207,-0.0662,-0.0032,0.0816,-0.0101,0.012,-0.0221,-0.0267,0.0192,-0.0598,0.1308,-0.1111,0.1086,-0.1092,0.011,0.0606
AFR,YRI,NA19209,NA19209,-0.0665,-0.0028,0.0778,-0.0217,0.003,0.0197,-0.0293,-0.051,-0.1146,0.2339,-0.0197,-0.2001,0.0119,-0.1701,-0.1387
AFR,YRI,NA19213,NA19213,-0.0662,-0.002,0.0656,-0.0036,-0.001,0.0155,0.008,0.0092,-0.0217,-0.0001,0.0261,-0.0484,0.101,0.0223,0.034
AFR,YRI,NA19214,NA19214,-0.0663,-0.0035,0.0724,0.0055,0.0041,-0.0015,-0.0149,-0.0919,0.0264,0.0404,-0.0031,-0.0286,-0.0602,0.1034,-0.0668
AFR,YRI,NA19222,NA19222,-0.0668,-0.0032,0.0626,-0.0095,0.0122,0.026,-0.0198,0.0871,0.0025,0.0251,-0.0644,-0.0334,0.0155,0.0161,-0.0845
AFR,YRI,NA19223,NA19223,-0.0649,-0.003,0.0571,-0.0039,-0.0013,-0.0148,-0.0125,0.0648,0.031,-0.0085,0.021,-0.0518,-0.0282,0.0268,0.032
AFR,YRI,NA19225,NA19225,-0.0665,-0.0034,0.0791,-0.0064,0.0074,-0.0223,-0.0192,0.0036,0.0915,0.002,-0.0256,0.193,0.0412,-0.0715,-0.1748
AFR,YRI,NA19235,NA19235,-0.0679,-0.0033,0.0756,-0.0067,0.0111,-0.0067,-0.0031,0.0535,-0.0196,0.0392,-0.022,-0.051,0.0885,0.093,-0.0247
AFR,YRI,NA19236,NA19236,-0.0673,-0.0012,0.0523,-0.0148,0.0069,0.0172,-0.0249,0.059,0.0589,-0.082,-0.0494,0.0093,-0.04,-0.0656,-0.0674
AFR,YRI,NA19247,NA19247,-0.067,-0.0019,0.0663,0.0005,0.0049,0.0212,-0.0325,-0.01,-0.079,-0.04,-0.0519,-0.0647,-0.0845,0.0163,0.1214
AFR,YRI,NA19248,NA19248,-0.0661,-0.0035,0.0832,-0.0116,0.0086,0.0121,-0.0267,-0.0012,0.0457,-0.0541,0.0523,-0.1253,-0.0459,0.0377,0.0903
AFR,YRI,NA19256,NA19256,-0.0668,-0.0026,0.0653,-0.0013,0.0068,0.0037,0.0174,-0.0197,-0.0072,0.0424,0.0455,0.0155,0.1426,0.0031,-0.0332
AFR,YRI,NA19257,NA19257,-0.0675,-0.001,0.0794,-0.0022,0.0011,0.0293,0.0001,0.0055,0.1852,-0.0649,-0.1156,0.1006,-0.0597,-0.0459,-0.0333
AMR,CLM,HG01112,HG01112,0.0226,0.0275,-0.0066,0.0315,0.0874,0.0591,-0.0373,0.0184,-0.0153,0.0033,-0.0039,0.0188,-0.0148,-0.0503,0.026
AMR,CLM,HG01113,HG01113,0.0235,-0.0001,-0.0,0.0435,0.097,0.0178,0.0594,-0.014,0.0045,0.0138,0.0015,-0.0087,0.0363,0.0176,0.0058
AMR,CLM,HG01119,HG01119,0.0231,0.0214,-0.0071,0.0142,0.0645,0.0304,0.0129,0.0441,0.007,-0.0044,0.017,0.0287,-0.013,-0.0289,-0.0087
AMR,CLM,HG01121,HG01121,0.0219,-0.0046,-0.0007,0.0168,0.0377,0.0117,0.0198,-0.0104,0.0268,0.0121,-0.0303,0.0014,-0.0081,0.0246,-0.0069
AMR,CLM,HG01122,HG01122,0.0196,0.005,0.0021,0.0228,0.0191,-0.0042,-0.0039,0.0151,0.013,0.014,-0.0184,-0.01,-0.0098,0.0214,-0.0527
AMR,CLM,HG01124,HG01124,0.0134,-0.0074,0.0005,0.0146,0.0482,0.0274,0.0252,-0.0165,-0.0128,0.0027,0.0414,-0.0297,-0.0013,0.0248,0.0008
AMR,CLM,HG01125,HG01125,0.0168,-0.0013,0.0028,0.0314,0.0847,-0.0106,0.0645,0.0203,0.0008,-0.0195,0.026,0.0159,-0.0263,-0.0198,-0.0056
AMR,CLM,HG01130,HG01130,0.0202,0.0008,0.0033,0.0226,0.0511,-0.0123,0.0174,-0.0102,-0.0109,-0.0104,-0.0221,0.0052,-0.0281,0.0006,-0.0128
AMR,CLM,HG01131,HG01131,0.0204,-0.0006,-0.0044,0.0357,0.0587,0.0322,0.0414,0.0048,0.0175,0.0077,0.0094,0.0116,-0.0254,0.0092,0.0119
AMR,CLM,HG01133,HG01133,0.0233,0.0164,0.002,0.0216,0.0742,0.0156,0.0128,-0.0016,-0.0304,-0.0219,0.0111,-0.0012,0.0012,-0.0244,-0.0312
AMR,CLM,HG01134,HG01134,0.0148,0.0053,-0.0049,0.0089,0.0504,0.0216,0.0394,0.0119,-0.0151,0.0068,-0.0003,-0.0105,-0.0516,0.0156,0.0205
AMR,CLM,HG01136,HG01136,0.0171,-0.0007,0.0119,0.0327,0.0673,0.0227,0.03,-0.0113,-0.0074,-0.0028,0.001,0.0032,-0.0162,0.0136,0.0085
AMR,CLM,HG01137,HG01137,0.0236,-0.01,0.0057,0.0354,0.09,0.0008,0.0849,-0.0202,-0.0028,0.0168,0.0042,-0.0151,-0.0071,0.0125,-0.034
AMR,CLM,HG01139,HG01139,0.011,-0.0105,0.0078,0.0168,0.0826,-0.0027,0.0299,0.0205,-0.0027,0.0077,0.0021,0.0051,-0.0668,0.0054,0.0026
AMR,CLM,HG01140,HG01140,0.0226,-0.0024,0.011,0.0108,0.0818,0.0088,0.0562,-0.014,-0.0094,-0.009,0.0026,0.0315,0.0214,-0.0212,0.0075
AMR,CLM,HG01142,HG01142,0.0092,-0.0172,0.0066,0.0228,0.0464,0.0091,0.0602,0.0122,0.0081,-0.0131,-0.0129,0.0099,0.0051,-0.0056,-0.0082
AMR,CLM,HG01148,HG01148,0.0216,0.0004,0.0022,0.0366,0.083,-0.0059,0.0651,-0.022,-0.0111,-0.0101,-0.005,-0.019,0.0067,0.004,-0.0321
AMR,CLM,HG01149,HG01149,0.0175,-0.0281,0.0051,0.0314,0.0881,-0.0144,0.0605,0.0195,0.0077,0.0078,0.0061,-0.0067,-0.0018,0.0354,0.0104
AMR,CLM,HG01250,HG01250,0.0189,-0.0091,0.0018,0.0323,0.0625,0.0042,0.0173,0.0115,0.0042,0.0497,0.0053,0.0106,0.0052,-0.0544,0.018
AMR,CLM,HG01251,HG01251,0.0242,-0.0027,0.0006,0.0282,0.0737,0.0121,0.0446,0.0125,0.0173,0.008,-0.0172,-0.0078,0.0114,-0.0117,0.0073
AMR,CLM,HG01253,HG01253,0.0222,0.0066,0.0002,0.0178,0.0764,0.0259,0.0454,-0.0127,0.0014,0.0186,0.0109,-0.0397,0.0256,0.0443,-0.0114
AMR,CLM,HG01254,HG01254,0.0098,-0.0079,0.0001,0.0228,0.0685,0.0074,0.0401,-0.0332,0.0199,-0.0264,0.0148,0.032,-0.0141,0.0148,0.0049
AMR,CLM,HG01256,HG01256,0.0243,0.0144,-0.0024,0.0345,0.0864,0.04,0.0927,0.0068,-0.0226,0.0043,0.0077,-0.0013,0.0092,-0.025,-0.0083
AMR,CLM,HG01257,HG01257,0.0242,-0.002,-0.0112,0.011,0.0719,0.017,0.0388,0.0036,0.0101,0.0112,0.0151,0.017,0.0119,-0.0151,-0.0155
AMR,CLM,HG01259,HG01259,0.0221,0.0212,-0.0052,0.0342,0.0845,0.066,0.0115,0.0124,-0.0064,0.0043,0.049,0.0313,-0.0105,-0.0245,0.0268
AMR,CLM,HG01260,HG01260,0.0149,-0.0084,0.0134,0.0332,0.0713,0.0366,0.0579,-0.0216,0.0162,-0.001,-0.017,0.0106,0.0352,0.0437,-0.0052
AMR,CLM,HG01269,HG01269,0.02,-0.0007,-0.0065,0.0238,0.0934,0.0172,0.0831,0.0041,0.0231,0.0187,-0.0378,-0.0676,0.0462,0.0022,-0.0056
AMR,CLM,HG01271,HG01271,0.0183,0.0008,0.0012,0.011,0.0781,0.0201,0.0224,0.0164,0.0024,0.0128,-0.0003,0.027,-0.0111,-0.0025,0.0039
AMR,CLM,HG01272,HG01272,0.0078,-0.0102,-0.0033,0.0208,0.058,-0.0143,0.0436,0.0336,-0.0425,-0.0158,0.0302,0.0088,-0.043,0.03,0.034
AMR,CLM,HG01275,HG01275,0.0233,0.0333,-0.0009,0.0319,0.0968,0.077,-0.0044,0.007,0.0234,0.0301,0.0375,0.0453,0.0155,-0.0144,0.0336
AMR,CLM,HG01277,HG01277,0.024,-0.0104,-0.0019,0.0408,0.0849,-0.0039,0.0312,0.0027,0.0035,-0.0252,0.0249,0.0126,-0.007,0.02,-0.0339
AMR,CLM,HG01280,HG01280,0.0234,-0.0002,0.0054,0.0364,0.094,0.0209,0.0966,-0.0268,0.001,0.0293,0.0004,-0.0239,0.0166,0.0068,-0.0171
AMR,CLM,HG01281,HG01281,0.0224,0.0032,0.0012,0.0314,0.0913,0.0161,0.0111,0.0149,-0.0183,0.007,0.0506,0.01,-0.007,-0.0187,0.0101
AMR,CLM,HG01284,HG01284,0.0191,0.0036,0.003,0.0353,0.0816,0.0255,-0.0243,0.0228,-0.0133,0.0058,0.0413,0.0221,-0.012,-0.035,0.0067
AMR,CLM,HG01341,HG01341,0.0262,-0.048,-0.0031,0.019,0.0295,-0.0137,0.0206,0.0005,0.0034,-0.0127,-0.0302,0.0244,-0.0007,-0.0135,-0.0079
AMR,CLM,HG01342,HG01342,-0.0066,-0.0054,0.0139,0.0127,0.0261,0.0104,0.0185,0.0149,-0.0021,0.0146,-0.0653,0.0577,-0.0574,0.0559,-0.0008
AMR,CLM,HG01344,HG01344,0.0233,-0.0195,0.0017,0.0189,0.0252,-0.0073,0.0001,-0.0295,0.035,0.0112,-0.0025,-0.016,0.0217,-0.0023,-0.0244
AMR,CLM,HG01345,HG01345,0.0195,0.0061,0.0015,0.0353,0.0674,0.0397,0.0043,0.006,0.0118,0.0153,-0.0203,0.0169,-0.03,-0.0121,-0.008
AMR,CLM,HG01348,HG01348,0.0222,-0.0184,0.0048,0.0191,0.0728,-0.0082,0.0259,-0.0279,-0.0084,0.0148,-0.0382,-0.0049,-0.0029,0.0213,0.0086
AMR,CLM,HG01350,HG01350,0.0209,-0.0179,0.0008,0.0352,0.0694,-0.0044,0.0784,-0.0221,-0.0223,0.0075,0.0113,-0.0108,-0.0161,0.0446,-0.0312
AMR,CLM,HG01351,HG01351,0.0247,-0.0,0.0026,0.0371,0.0901,0.0672,0.074,-0.0155,0.0157,-0.0176,-0.0297,-0.0509,0.0019,0.0168,-0.024
AMR,CLM,HG01353,HG01353,0.0231,0.0096,-0.0008,0.0366,0.0803,0.0395,0.005,0.0143,-0.0139,-0.0217,0.021,0.0031,0.0074,-0.0092,-0.0082
AMR,CLM,HG01354,HG01354,0.023,0.0147,-0.0016,0.0378,0.0906,0.0432,0.0456,0.0237,-0.0175,-0.0191,0.0332,-0.0041,0.0046,-0.0607,-0.0182
AMR,CLM,HG01356,HG01356,0.0198,-0.008,0.0068,0.0281,0.0879,0.0212,0.04,0.0032,-0.0019,-0.0159,0.0109,-0.0234,0.0024,-0.0355,0.0037
AMR,CLM,HG01357,HG01357,0.0239,-0.0003,0.0078,0.038,0.0781,0.038,0.0879,0.0276,-0.0014,0.0172,-0.0112,-0.0352,0.0032,0.0076,-0.0168
AMR,CLM,HG01359,HG01359,0.0228,0.0025,0.0019,0.0246,0.071,-0.0051,0.0203,0.0383,-0.0092,-0.021,-0.0025,0.002,-0.022,-0.0019,0.0003
AMR,CLM,HG01360,HG01360,0.0205,0.0064,0.0004,0.0411,0.0364,0.0133,0.0398,-0.0054,0.0297,0.0055,0.0123,0.0082,-0.0205,-0.0022,0.0375
AMR,CLM,HG01362,HG01362,0.014,0.0011,0.0062,0.0255,0.0526,-0.0093,0.0271,0.0408,-0.0415,-0.0188,0.0159,-0.0039,-0.0169,0.0013,0.0027
AMR,CLM,HG01363,HG01363,0.0111,-0.011,0.0011,0.0235,0.0579,-0.0039,0.0293,-0.0147,-0.0246,-0.0364,-0.0206,0.004,-0.03,0.0095,0.0061
AMR,CLM,HG01365,HG01365,0.0129,-0.0064,0.0066,0.0108,0.0191,0.025,-0.0045,0.0039,0.0279,0.0426,-0.0169,0.0053,0.0108,-0.0125,0.0492
AMR,CLM,HG01366,HG01366,0.0156,-0.001,0.0117,0.0148,0.0632,0.024,0.0356,0.0192,0.0133,-0.0036,0.0367,-0.0178,0.0128,-0.0466,0.0002
AMR,CLM,HG01369,HG01369,0.0155,-0.037,0.0007,0.0109,0.067,-0.0098,0.0221,-0.0018,0.0396,-0.0109,0.0117,-0.0072,0.0132,0.0074,-0.0107
AMR,CLM,HG01372,HG01372,0.0221,-0.0066,0.0001,0.0173,0.0695,0.0015,0.0706,0.004,-0.0308,-0.0334,-0.0243,0.0336,-0.0041,0.0126,-0.0408
AMR,CLM,HG01374,HG01374,0.0233,0.0017,0.0018,0.0398,0.1048,0.0139,0.0907,0.018,0.025,0.0103,-0.0071,-0.0045,0.0146,0.0246,-0.0187
AMR,CLM,HG01375,HG01375,0.0133,-0.0085,0.0135,0.0067,0.0711,0.0202,0.0172,-0.0215,-0.0046,-0.0051,0.0005,-0.0052,-0.0059,-0.026,-0.0228
AMR,CLM,HG01377,HG01377,0.0174,-0.011,-0.0029,0.0249,0.0591,0.0121,0.0357,-0.0226,-0.0184,-0.0041,-0.0142,-0.0109,0.0019,-0.0253,-0.0175
AMR,CLM,HG01378,HG01378,0.0222,-0.0165,0.0018,0.0304,0.0656,-0.0011,0.0475,0.0023,-0.0017,0.0136,0.0244,0.0095,-0.0139,0.0152,0.0096
AMR,CLM,HG01383,HG01383,0.0228,0.0028,0.0071,0.0218,0.0899,0.0174,0.1083,0.0066,0.0181,0.0368,0.0066,-0.0096,0.0061,0.029,-0.0316
AMR,CLM,HG01384,HG01384,0.0193,0.0069,0.0014,0.0488,0.0868,-0.0177,0.0365,-0.008,-0.0172,-0.0236,-0.0102,0.018,-0.0084,0.0086,0.023
AMR,CLM,HG01389,HG01389,0.0188,0.0158,-0.0013,0.0372,0.0797,0.0239,0.0099,-0.0136,-0.0228,0.021,0.0274,-0.0003,0.0224,0.0247,0.0208
AMR,CLM,HG01390,HG01390,0.0016,-0.0152,0.008,0.0016,0.0067,-0.0175,-0.0088,-0.0144,-0.03,-0.0178,-0.084,0.0377,-0.0139,-0.0206,-0.025
AMR,CLM,HG01431,HG01431,0.0165,-0.0044,-0.0029,0.0315,0.0594,-0.0022,0.0269,0.0088,-0.0021,-0.0077,-0.0255,0.0179,-0.0029,0.0083,-0.0236
AMR,CLM,HG01432,HG01432,0.0218,0.0049,0.0,0.0217,0.0663,0.0247,-0.0049,-0.0157,-0.0206,-0.0067,-0.0011,0.0175,-0.0262,-0.0103,-0.0081
AMR,CLM,HG01435,HG01435,0.0232,-0.0335,-0.0022,0.018,0.0334,-0.0062,0.0458,0.0001,-0.0162,0.0073,-0.0061,-0.0228,0.0099,-0.0047,0.0091
AMR,CLM,HG01437,HG01437,0.0226,0.0235,-0.0062,0.0239,0.0885,0.0631,0.0241,0.0365,-0.0558,-0.0185,0.0553,0.0193,-0.0022,-0.0372,0.0306
AMR,CLM,HG01438,HG01438,0.0233,0.0332,0.0039,0.0096,0.0662,0.0415,-0.0109,0.0015,0.0134,0.0166,0.0978,0.0234,-0.0001,-0.0564,-0.0243
AMR,CLM,HG01440,HG01440,0.0113,-0.0024,0.006,0.0032,0.0366,-0.0061,0.0194,0.0225,-0.0269,0.0357,0.0387,-0.0084,-0.0588,-0.0508,0.0016
AMR,CLM,HG01441,HG01441,0.0241,-0.0183,-0.0063,0.011,0.029,-0.0138,-0.0073,0.0098,0.0052,-0.0241,-0.0167,0.0055,-0.0075,-0.0017,-0.0129
AMR,CLM,HG01443,HG01443,0.0229,-0.0409,0.0021,0.0134,0.0545,-0.0042,0.0562,0.0173,-0.0251,0.0114,0.0174,-0.0101,-0.0097,-0.0019,-0.019
AMR,CLM,HG01444,HG01444,0.0174,-0.0053,0.0031,0.0262,0.0586,-0.0328,0.0446,0.0111,-0.0317,-0.0177,0.0182,0.0073,-0.0269,0.0055,-0.0112
AMR,CLM,HG01447,HG01447,0.0189,-0.0001,0.0024,0.0129,0.0668,-0.0107,0.0186,0.0023,0.0061,-0.0176,-0.0053,0.0375,-0.0227,-0.0333,-0.0084
AMR,CLM,HG01455,HG01455,0.023,-0.0219,0.0023,0.0291,0.0901,0.0051,0.0613,0.0024,0.0094,0.0006,-0.0079,-0.0142,0.0015,0.0132,-0.0184
AMR,CLM,HG01456,HG01456,0.0212,-0.0193,-0.0023,0.0396,0.09,-0.0251,0.059,-0.009,0.0136,-0.024,0.0135,0.0286,-0.0184,0.0008,-0.0187
AMR,CLM,HG01459,HG01459,0.0236,-0.0199,0.0031,0.025,0.0493,0.0362,0.0269,-0.0249,-0.0065,-0.0033,0.0137,0.0194,-0.0072,0.0367,-0.0234
AMR,CLM,HG01461,HG01461,0.0106,-0.0229,-0.0069,0.0163,0.0126,-0.016,0.0068,-0.0016,-0.0058,-0.0237,-0.0338,0.0296,0.0029,-0.0267,0.003
AMR,CLM,HG01462,HG01462,0.0001,-0.0188,0.0136,0.0062,0.0145,-0.0286,0.0339,0.0072,-0.0285,-0.0187,0.0185,0.0856,0.0128,-0.0259,0.024
AMR,CLM,HG01464,HG01464,0.0071,-0.0129,0.0136,0.0132,0.0637,0.0042,0.0341,-0.0023,-0.0299,-0.0104,-0.016,0.0018,-0.0366,-0.0773,0.0274
AMR,CLM,HG01465,HG01465,0.0235,0.0105,-0.0004,0.0419,0.1285,0.0438,0.1115,-0.0309,0.0557,0.0093,-0.033,-0.0347,0.0701,0.056,-0.044
AMR,CLM,HG01468,HG01468,0.0237,0.0129,0.0029,0.0472,0.1395,0.0252,0.1043,-0.063,0.0143,0.0068,-0.0275,-0.0293,0.0375,0.0782,-0.0043
AMR,CLM,HG01474,HG01474,0.0236,0.0153,-0.0045,0.0209,0.0983,0.0596,0.0706,0.0373,-0.0144,-0.0025,0.0179,-0.0477,-0.0061,0.0479,0.0082
AMR,CLM,HG01479,HG01479,0.0216,0.018,0.0017,0.0419,0.0941,0.0427,0.0472,0.001,0.0086,0.0176,0.0117,0.0136,-0.0015,-0.0016,-0.0321
AMR,CLM,HG01485,HG01485,-0.0058,-0.0135,0.0138,0.0076,0.0634,0.009,0.0379,-0.0018,-0.037,-0.0207,-0.0553,-0.0262,0.0208,-0.0418,-0.0226
AMR,CLM,HG01486,HG01486,0.0231,-0.0137,0.0,0.0108,0.0263,-0.0043,0.021,-0.0023,-0.0144,0.0077,0.0157,-0.0013,-0.0058,0.0284,0.0082
AMR,CLM,HG01488,HG01488,0.0104,0.012,-0.0056,0.0272,0.0478,0.0174,0.0189,-0.0401,0.006,0.0111,0.0201,-0.0221,-0.008,0.0516,0.0535
AMR,CLM,HG01489,HG01489,0.0223,0.021,-0.0054,0.0403,0.0696,0.0301,0.0432,0.0345,-0.0234,-0.0182,0.0339,-0.0205,-0.025,-0.078,-0.0285
AMR,CLM,HG01491,HG01491,0.0228,0.0176,0.0005,0.0157,0.1095,0.0549,0.0582,0.0038,-0.0085,0.0002,-0.0069,-0.0302,-0.0287,0.0249,-0.016
AMR,CLM,HG01492,HG01492,0.0218,0.009,0.0014,0.0237,0.0726,0.0191,0.0291,0.0102,-0.0168,-0.0211,0.0048,0.0297,0.0006,-0.0231,0.0115
AMR,CLM,HG01494,HG01494,0.0162,-0.0237,0.0069,0.0172,0.077,0.0093,0.0558,0.0185,0.0015,-0.034,-0.0161,-0.0009,-0.0303,-0.025,0.0074
AMR,CLM,HG01495,HG01495,0.0148,-0.0215,-0.0037,0.0186,0.0458,-0.0018,0.013,0.0259,-0.0025,0.0038,0.0059,0.0089,-0.0145,0.0039,0.048
AMR,CLM,HG01497,HG01497,0.0233,-0.0156,0.001,0.0169,0.0861,0.0339,0.0614,-0.0077,0.0148,0.0049,-0.0061,-0.0117,-0.004,0.0022,-0.0287
AMR,CLM,HG01498,HG01498,0.0214,-0.0124,-0.0029,0.0372,0.0929,-0.0007,0.0721,0.01,-0.0222,-0.0107,-0.0044,-0.0223,0.0022,-0.0293,0.0128
AMR,CLM,HG01550,HG01550,0.0201,0.0061,-0.0008,0.0414,0.0934,0.0459,0.0565,0.0192,0.003,0.0296,-0.0293,0.02,0.0369,0.0208,0.0048
AMR,CLM,HG01551,HG01551,-0.0093,-0.0075,0.0079,0.0196,0.0281,-0.0031,0.0703,0.0383,-0.0261,0.0377,-0.0295,-0.03,0.0269,0.0082,0.0442
AMR,CLM,HG01556,HG01556,0.0082,-0.0175,0.0054,0.0278,0.0557,0.0353,0.048,-0.0068,0.0008,-0.0119,-0.0349,-0.0454,-0.0032,0.0085,-0.0165
AMR,MXL,NA19648,NA19648,0.0225,0.0312,0.0013,0.0011,0.0063,0.0088,-0.0695,-0.0001,0.0163,0.0038,0.0276,-0.0224,0.0287,-0.0063,-0.0352
AMR,MXL,NA19649,NA19649,0.0219,0.0061,-0.0105,0.011,0.0237,-0.0303,-0.0853,0.0705,0.0143,0.0178,-0.0242,-0.0154,-0.0101,0.0005,-0.0037
AMR,MXL,NA19651,NA19651,0.0201,0.0005,0.0018,0.0132,0.0177,-0.0337,-0.0555,-0.0253,-0.0122,-0.0048,0.0334,-0.0271,-0.0026,0.0085,0.034
AMR,MXL,NA19652,NA19652,0.0218,0.0001,-0.0038,0.0058,0.0347,-0.0401,-0.0558,0.0088,0.0,-0.0103,-0.0198,-0.0235,0.0089,0.0015,0.0251
AMR,MXL,NA19654,NA19654,0.0208,-0.0382,0.0034,0.0197,0.0209,-0.0959,-0.0161,-0.002,-0.0137,-0.0109,-0.0084,-0.0142,0.0056,-0.0145,0.0236
AMR,MXL,NA19655,NA19655,0.0212,-0.0093,0.0006,0.0146,0.0023,-0.0771,-0.0671,-0.0289,0.0219,0.0407,-0.0074,-0.0054,0.0323,0.028,0.006
AMR,MXL,NA19657,NA19657,0.0229,-0.0445,-0.0036,-0.0078,0.0204,-0.1371,-0.062,0.0198,0.0343,-0.0192,-0.0258,0.0356,-0.0027,0.0125,-0.0405
AMR,MXL,NA19658,NA19658,0.0239,-0.0118,-0.0046,0.0166,0.0418,-0.0633,-0.0142,-0.0044,0.015,-0.0104,0.0052,-0.0154,-0.004,-0.0313,-0.0211
AMR,MXL,NA19661,NA19661,0.0224,-0.0293,0.0057,0.0196,0.0141,-0.1204,-0.0372,0.0203,-0.013,-0.012,0.0206,-0.0139,0.0057,0.0017,-0.023
AMR,MXL,NA19663,NA19663,0.0209,-0.0465,-0.0096,0.0137,0.0104,-0.1112,-0.0406,0.0016,0.0142,-0.0102,-0.0083,-0.0253,-0.0059,-0.0344,0.0071
AMR,MXL,NA19664,NA19664,0.0216,-0.036,-0.004,0.008,0.0184,-0.0861,-0.0188,-0.0047,0.0129,-0.0258,-0.0112,0.0085,-0.0169,-0.0004,-0.0126
AMR,MXL,NA19669,NA19669,0.0233,-0.0062,0.0004,0.0094,0.0128,-0.0498,-0.0278,-0.0011,-0.0345,0.018,-0.016,0.0023,0.0295,0.0096,-0.0113
AMR,MXL,NA19670,NA19670,0.0231,-0.0308,0.0065,0.016,0.0151,-0.1028,-0.0424,-0.0123,0.0087,0.0222,-0.019,-0.0053,-0.0116,-0.0035,-0.0099
AMR,MXL,NA19676,NA19676,0.0227,-0.0042,-0.0042,0.0022,0.0115,-0.0463,-0.0364,-0.0023,-0.0222,0.0027,-0.0316,-0.0199,-0.0066,-0.0294,0.0207
AMR,MXL,NA19678,NA19678,0.0194,0.0082,0.0051,0.0292,0.0237,-0.0823,-0.034,0.0085,-0.0068,0.0082,0.0367,-0.031,0.0142,-0.0651,0.0368
AMR,MXL,NA19679,NA19679,0.0213,0.0315,-0.0039,0.0066,0.0195,0.0606,-0.1198,-0.0344,0.0234,0.015,0.0015,-0.0095,0.0286,0.0657,-0.0044
AMR,MXL,NA19681,NA19681,0.0232,-0.0424,-0.0021,-0.0034,0.0135,-0.1142,-0.0418,0.0164,-0.0056,-0.005,-0.0119,0.0024,0.0158,-0.0122,0.0209
AMR,MXL,NA19682,NA19682,0.0242,-0.0278,-0.0001,0.001,0.0225,-0.0738,-0.0366,0.0076,0.0106,-0.0167,-0.0168,0.0135,0.0046,-0.0148,-0.0114
AMR,MXL,NA19684,NA19684,0.0248,-0.004,-0.0064,-0.0239,-0.0051,-0.045,-0.0137,0.0194,0.0221,-0.0135,-0.0092,0.0001,-0.0051,-0.0297,0.0153
AMR,MXL,NA19716,NA19716,0.0226,-0.04,0.0053,0.0113,0.0243,-0.1223,-0.0077,-0.0213,-0.0026,0.0065,0.013,-0.034,-0.0032,0.0089,-0.0034
AMR,MXL,NA19717,NA19717,0.0248,-0.0497,-0.0063,0.0102,-0.0092,-0.0924,-0.0092,0.0039,0.0018,0.0189,0.0007,-0.0021,0.0064,-0.0033,0.0166
AMR,MXL,NA19719,NA19719,0.0207,-0.0218,-0.0002,0.0172,0.0185,-0.0802,0.0001,0.0231,-0.0073,-0.0012,0.0113,-0.0024,-0.0037,-0.009,-0.0201
AMR,MXL,NA19720,NA19720,0.0228,-0.0519,0.0004,0.0108,0.0265,-0.1219,-0.0153,0.007,0.0096,0.0133,0.0073,-0.0157,0.0068,0.0191,0.0072
AMR,MXL,NA19722,NA19722,0.0215,-0.0278,-0.0003,0.0135,0.0232,-0.1006,-0.0286,-0.0003,0.0156,-0.0121,-0.0111,0.0131,0.0109,0.0117,-0.0051
AMR,MXL,NA19723,NA19723,0.0193,-0.0348,0.0008,0.0036,0.0044,-0.104,-0.0749,0.0086,-0.0028,0.0031,-0.0224,-0.0172,0.004,-0.0255,-0.0034
AMR,MXL,NA19725,NA19725,0.0219,-0.0099,-0.0053,-0.0006,0.0117,-0.0825,-0.0509,0.009,-0.0046,-0.0098,-0.0266,-0.0377,0.0068,-0.0086,0.0506
AMR,MXL,NA19726,NA19726,0.0259,-0.0481,0.0017,0.0038,0.0116,-0.0941,-0.028,0.0058,0.0189,0.0147,0.0041,0.0195,0.0152,-0.0029,0.0069
AMR,MXL,NA19728,NA19728,0.0294,-0.0898,-0.0043,0.0101,0.0119,-0.1252,-0.0233,-0.0042,-0.0061,0.0104,-0.0015,-0.0309,0.0105,-0.0058,0.0276
AMR,MXL,NA19729,NA19729,0.0278,-0.0845,-0.005,-0.0018,0.0145,-0.1214,-0.0272,-0.0051,0.018,0.0023,-0.0001,-0.0046,0.0042,-0.0008,0.0032
AMR,MXL,NA19731,NA19731,0.0294,-0.0933,-0.0028,0.0058,0.0093,-0.1239,-0.0101,0.0134,0.0137,0.0086,-0.0037,-0.0362,0.0065,-0.0082,-0.0115
AMR,MXL,NA19732,NA19732,0.0299,-0.0905,-0.0026,0.0071,0.0116,-0.1343,-0.0192,-0.0076,0.0084,0.0155,0.001,-0.0056,-0.0005,0.0059,0.0141
AMR,MXL,NA19734,NA19734,0.0261,-0.0526,-0.0026,0.0142,0.0189,-0.1043,-0.0081,0.0117,-0.0007,0.0104,-0.0092,0.0044,0.0048,-0.0227,-0.0041
AMR,MXL,NA19735,NA19735,0.0278,-0.0783,-0.0007,0.0157,0.03,-0.1368,-0.0274,0.0036,-0.0136,-0.0078,0.0044,-0.0085,-0.0033,-0.0191,0.0004
AMR,MXL,NA19740,NA19740,0.025,-0.0681,-0.002,0.0024,0.0239,-0.1232,-0.0258,-0.0066,0.0111,0.0079,-0.0093,-0.0228,0.0019,-0.0187,0.0095
AMR,MXL,NA19741,NA19741,0.0277,-0.076,-0.0034,0.0193,0.0197,-0.122,-0.0218,-0.0133,-0.0014,0.0121,-0.0162,-0.0111,0.0052,0.0095,-0.0013
AMR,MXL,NA19746,NA19746,0.0247,-0.0606,0.0035,0.0082,0.036,-0.122,-0.0273,-0.001,-0.0031,0.0103,-0.0049,-0.0042,0.014,0.0092,-0.0266
AMR,MXL,NA19747,NA19747,0.0239,-0.0353,0.0037,0.0077,0.0284,-0.1024,-0.0486,0.0166,-0.0184,-0.0092,0.0055,0.0085,0.0113,0.0196,-0.009
AMR,MXL,NA19749,NA19749,0.0225,-0.0143,-0.0002,-0.0023,0.0277,-0.0783,-0.0306,-0.0236,-0.0033,0.0049,0.0129,0.0037,-0.0135,0.022,-0.0051
AMR,MXL,NA19750,NA19750,0.0225,-0.0033,-0.0026,0.016,-0.0042,-0.0673,-0.0282,0.0215,0.0054,0.0124,0.0083,-0.0173,-0.0162,0.0008,-0.0025
AMR,MXL,NA19752,NA19752,0.0245,-0.0341,0.0023,0.0162,0.0266,-0.1086,-0.0397,0.0193,-0.0081,-0.0064,0.0122,0.007,0.0012,0.0079,-0.0195
AMR,MXL,NA19755,NA19755,0.0238,-0.0569,0.0015,0.0159,0.0125,-0.1349,-0.0183,-0.0018,0.0095,-0.0001,-0.0203,-0.025,-0.0009,0.0201,0.0149
AMR,MXL,NA19756,NA19756,0.0207,-0.0331,-0.005,0.0197,0.008,-0.1073,-0.0135,-0.023,-0.0133,-0.002,0.0271,0.0281,-0.0126,-0.0215,-0.0079
AMR,MXL,NA19758,NA19758,0.0267,-0.0684,-0.0024,-0.0017,0.023,-0.1143,-0.0125,-0.005,-0.0018,0.0085,-0.016,-0.0187,0.0064,0.0145,0.0091
AMR,MXL,NA19759,NA19759,0.0267,-0.0635,0.0031,0.0065,0.0224,-0.0823,-0.0093,0.0108,0.0245,0.0041,-0.0079,0.0035,-0.0036,0.0093,-0.0013
AMR,MXL,NA19761,NA19761,0.0223,-0.0391,-0.0006,0.0119,0.0135,-0.0877,-0.0297,-0.036,0.0026,0.0044,-0.0163,0.0024,-0.0052,0.0142,0.0005
AMR,MXL,NA19762,NA19762,0.0224,-0.0502,-0.0032,0.0149,0.0086,-0.0938,-0.0331,-0.0222,0.0103,0.0314,0.012,0.0248,-0.0003,0.0275,0.0024
AMR,MXL,NA19764,NA19764,0.0226,-0.0162,-0.0025,0.0009,0.0174,-0.0626,-0.045,-0.0337,0.0245,0.0282,0.0041,0.0233,0.0094,0.001,0.0098
AMR,MXL,NA19770,NA19770,0.0216,-0.0203,-0.0007,0.0012,0.0397,-0.1162,-0.0466,-0.0094,-0.0134,0.0013,0.0221,-0.0076,-0.0094,-0.0099,-0.0248
AMR,MXL,NA19771,NA19771,0.0211,-0.0345,-0.004,0.0296,0.0338,-0.1026,-0.0087,-0.0035,0.0163,-0.0164,-0.0013,-0.0188,-0.0042,0.0321,-0.0014
AMR,MXL,NA19773,NA19773,0.0226,-0.0115,0.0035,0.0086,0.0188,-0.0714,-0.0522,-0.0031,0.0049,-0.0176,-0.0181,0.0457,0.007,-0.007,-0.0025
AMR,MXL,NA19774,NA19774,0.022,-0.0318,0.0065,0.0121,0.0271,-0.0853,-0.0069,-0.0202,-0.0078,-0.021,0.0132,-0.0292,0.0024,0.0125,0.0096
AMR,MXL,NA19776,NA19776,0.0172,-0.0288,0.0035,-0.0008,0.0165,-0.0851,-0.0424,0.0148,0.0402,0.0096,-0.0137,-0.0,0.005,0.0009,0.0173
AMR,MXL,NA19777,NA19777,0.0201,-0.0248,-0.0062,0.0203,0.017,-0.0969,-0.0462,-0.0104,0.0049,0.0259,-0.0058,-0.0394,-0.0068,-0.0116,0.0477
AMR,MXL,NA19779,NA19779,0.021,-0.0063,-0.0054,0.0129,0.0107,-0.0258,-0.023,-0.0207,0.0178,0.0581,-0.0258,-0.0185,0.0017,0.0277,0.0029
AMR,MXL,NA19780,NA19780,0.0223,-0.0143,-0.0058,0.0094,0.0152,-0.0657,-0.0389,0.0051,0.0061,0.0232,-0.013,0.0126,-0.0011,-0.026,0.0076
AMR,MXL,NA19782,NA19782,0.0212,-0.0283,-0.0043,0.0073,0.0065,-0.0845,-0.0352,-0.018,0.015,-0.0076,0.006,0.0011,-0.0062,0.0036,0.0022
AMR,MXL,NA19783,NA19783,0.0272,-0.065,-0.0018,0.0091,0.0033,-0.0916,-0.0191,-0.0207,-0.0018,-0.0016,0.002,-0.0189,0.0066,0.009,0.0027
AMR,MXL,NA19785,NA19785,0.0235,-0.0608,0.0047,0.0051,0.0084,-0.1197,-0.0357,-0.0001,0.0254,0.0133,-0.014,0.029,-0.004,0.0053,-0.0018
AMR,MXL,NA19786,NA19786,0.0231,-0.0448,-0.005,0.0018,0.0256,-0.1128,-0.0508,0.0169,0.0092,-0.0055,-0.026,0.006,0.0202,0.0063,-0.0179
AMR,MXL,NA19788,NA19788,0.0235,-0.0539,0.0021,0.0106,0.034,-0.1064,-0.0348,0.0041,-0.0069,0.0017,0.0112,-0.0146,0.004,-0.0058,0.0077
AMR,MXL,NA19789,NA19789,0.0197,-0.0255,-0.0021,0.0062,0.0061,-0.0778,-0.0538,0.019,-0.004,0.0128,-0.0087,-0.0183,0.0219,-0.0192,0.0299
AMR,MXL,NA19792,NA19792,0.0199,-0.0084,0.0078,0.0002,0.0138,-0.0474,-0.039,0.002,0.0399,0.026,-0.0107,-0.0169,0.0,-0.0032,-0.0039
AMR,MXL,NA19794,NA19794,0.0227,-0.0053,-0.0032,0.0165,0.0173,-0.0277,-0.0379,-0.0145,0.0325,0.0033,-0.0296,-0.0028,0.0175,-0.0206,0.0051
AMR,MXL,NA19795,NA19795,0.0212,-0.0284,0.0026,0.0122,0.0096,-0.058,-0.0354,-0.007,-0.0006,0.0075,0.0044,0.0088,-0.007,0.0392,0.0168
AMR,PEL,HG01565,HG01565,0.0278,-0.0626,-0.0023,-0.0218,-0.0083,0.0195,-0.0157,0.0196,-0.0105,-0.0074,-0.0181,-0.0019,0.004,-0.0124,0.0012
AMR,PEL,HG01566,HG01566,0.0258,-0.0289,-0.0045,-0.0089,-0.0154,-0.0041,-0.0323,-0.0052,-0.0052,0.0174,-0.0146,0.0245,0.0126,0.0184,-0.0057
AMR,PEL,HG01571,HG01571,0.0275,-0.0548,0.0012,-0.0172,-0.0158,0.0653,-0.0268,-0.0001,0.0103,-0.004,-0.0032,0.0092,-0.0086,-0.0121,0.0091
AMR,PEL,HG01572,HG01572,0.0304,-0.0995,-0.0018,-0.0416,-0.0222,0.0571,-0.0087,0.0051,0.0026,-0.0071,0.0053,-0.005,-0.0001,-0.0078,0.0098
AMR,PEL,HG01577,HG01577,0.021,-0.0268,0.006,-0.0096,-0.0063,0.0438,-0.0289,0.0178,-0.0144,-0.0055,0.0023,-0.0184,-0.0116,0.0123,-0.0204
AMR,PEL,HG01578,HG01578,0.0267,-0.0495,-0.004,-0.0201,-0.0185,0.0389,-0.0051,-0.0019,0.0127,-0.0048,-0.0017,0.0014,-0.002,0.0226,0.0028
AMR,PEL,HG01892,HG01892,0.024,-0.0692,-0.002,-0.0152,-0.0198,0.0489,0.0062,-0.0099,0.0216,0.0089,0.0041,0.0046,0.013,0.0272,0.0097
AMR,PEL,HG01893,HG01893,0.0181,-0.0496,-0.0026,-0.0068,0.0051,0.0287,-0.0447,-0.0333,0.0013,0.0041,-0.009,0.0289,0.0218,0.01,0.0231
AMR,PEL,HG01917,HG01917,0.0282,-0.0859,0.0018,-0.0376,-0.0319,0.0486,-0.0259,-0.0127,0.0062,0.001,-0.0005,0.0099,-0.0142,-0.0002,0.0057
AMR,PEL,HG01918,HG01918,0.0289,-0.0707,0.0006,-0.0203,-0.0077,0.0367,-0.0024,-0.0102,-0.0147,-0.0042,0.0127,-0.011,-0.006,-0.0141,0.0057
AMR,PEL,HG01920,HG01920,0.0301,-0.1021,0.0005,-0.0371,-0.0291,0.0622,-0.001,0.0125,-0.0026,-0.011,-0.0012,0.0063,0.0029,-0.0,0.0037
AMR,PEL,HG01921,HG01921,0.0276,-0.073,-0.0026,-0.0128,-0.007,0.007,0.0027,0.0104,0.019,-0.0039,0.0034,0.0096,-0.0042,0.0012,0.0144
AMR,PEL,HG01923,HG01923,0.0304,-0.0991,0.0043,-0.0379,-0.0388,0.0699,-0.0153,0.0109,-0.0097,-0.0087,0.0001,0.0049,-0.008,-0.0062,0.0169
AMR,PEL,HG01924,HG01924,0.0167,-0.0688,0.0023,-0.0176,-0.0259,0.041,-0.007,0.001,-0.0184,-0.0003,0.0138,0.008,-0.0144,0.0163,0.0026
AMR,PEL,HG01926,HG01926,0.0313,-0.1057,0.0012,-0.0378,-0.0181,0.047,0.0122,-0.004,-0.0034,0.0042,0.0026,-0.0027,0.0009,-0.0141,0.0055
AMR,PEL,HG01927,HG01927,0.0309,-0.098,-0.0037,-0.0319,-0.028,0.0531,-0.0107,0.0105,0.0135,-0.0009,0.0072,0.0048,-0.0023,-0.0113,-0.0012
AMR,PEL,HG01932,HG01932,0.0294,-0.0805,-0.0052,-0.0283,-0.0318,0.0792,-0.0049,-0.0068,-0.0016,-0.0126,0.0073,0.0057,0.0033,0.0015,0.0023
AMR,PEL,HG01933,HG01933,0.0189,-0.0603,0.0034,0.0033,0.0013,0.0204,0.0014,0.0091,-0.0116,-0.0223,0.0094,0.0085,0.0062,0.0003,-0.0043
AMR,PEL,HG01935,HG01935,0.0281,-0.0665,0.0008,-0.012,-0.0203,0.0582,-0.0067,0.0047,0.0067,-0.0085,-0.0087,-0.005,-0.0098,-0.0016,-0.01
AMR,PEL,HG01936,HG01936,0.0251,-0.0582,0.0026,-0.0338,-0.026,0.047,-0.0151,-0.0061,0.0048,-0.0034,-0.0023,-0.0061,-0.0166,-0.008,-0.0006
AMR,PEL,HG01938,HG01938,0.0308,-0.1053,0.0026,-0.027,-0.0171,0.0371,-0.0119,-0.0117,-0.0055,-0.0079,0.0179,0.0019,-0.0063,0.0031,0.0
AMR,PEL,HG01939,HG01939,0.0283,-0.0734,-0.0036,-0.0315,-0.0166,0.0396,-0.0223,0.0194,-0.0134,-0.0077,-0.0028,0.0223,-0.0003,-0.0026,0.0083
AMR,PEL,HG01941,HG01941,0.0239,-0.0823,-0.0005,-0.0189,-0.0096,0.0133,0.0144,-0.0058,-0.0052,0.0008,-0.0056,-0.003,0.0008,0.0195,0.0143
AMR,PEL,HG01942,HG01942,0.0281,-0.0802,-0.0031,-0.0172,-0.0158,0.0436,0.0057,-0.0097,-0.0119,0.0022,0.006,0.0051,-0.0013,0.0076,0.001
AMR,PEL,HG01944,HG01944,0.023,-0.0682,-0.005,-0.0231,-0.0065,0.0093,-0.0288,-0.0092,0.0012,0.0033,0.014,0.0109,0.0014,-0.0082,0.0213
AMR,PEL,HG01945,HG01945,0.0285,-0.0759,-0.005,-0.0241,-0.0288,0.0534,-0.0246,0.0085,0.0092,0.0042,-0.0,-0.001,-0.0038,-0.0114,0.0087
AMR,PEL,HG01947,HG01947,0.0241,-0.0503,0.0051,-0.0045,-0.0021,0.0028,0.0183,-0.0116,-0.0004,0.0191,0.0217,0.0024,-0.0015,0.0265,0.0157
AMR,PEL,HG01948,HG01948,0.0112,-0.0681,0.0063,-0.025,-0.022,0.0572,-0.0069,0.0126,-0.0017,0.0037,0.0167,0.0066,0.0057,0.0018,0.0203
AMR,PEL,HG01950,HG01950,0.024,-0.0854,0.0005,-0.0058,-0.0112,0.0175,-0.0032,0.0039,-0.0048,-0.0089,0.0005,-0.0074,0.0059,-0.0068,0.0048
AMR,PEL,HG01951,HG01951,0.0287,-0.1014,-0.0012,-0.0138,-0.0257,0.0192,0.0262,0.0031,0.0009,0.0009,0.0055,-0.0047,0.0002,0.0202,0.0025
AMR,PEL,HG01953,HG01953,0.0292,-0.091,0.0,-0.0277,-0.0258,0.0451,-0.0215,0.0048,-0.0035,-0.0006,0.0007,0.0035,-0.0021,-0.0127,0.0106
AMR,PEL,HG01954,HG01954,0.0306,-0.0956,0.0024,-0.0317,-0.031,0.0423,-0.0272,0.0042,-0.0008,-0.0108,-0.0038,0.0074,-0.0001,0.0019,-0.0241
AMR,PEL,HG01961,HG01961,0.0308,-0.1048,-0.0011,-0.0348,-0.0212,0.0236,-0.0043,0.0075,-0.0111,0.0025,-0.0019,-0.0033,-0.0082,-0.0143,-0.0052
AMR,PEL,HG01965,HG01965,0.0188,-0.0477,-0.0043,-0.003,0.0237,0.0053,0.0057,0.0219,-0.001,-0.0185,0.0026,0.0091,0.0223,0.0021,0.0005
AMR,PEL,HG01967,HG01967,0.0274,-0.0548,-0.0009,-0.0195,-0.0248,0.0611,0.0004,-0.0183,-0.0092,-0.0013,0.0078,-0.0109,-0.0007,0.0047,-0.0009
AMR,PEL,HG01968,HG01968,0.0313,-0.1012,-0.0008,-0.0298,-0.0271,0.0475,0.0009,-0.0014,-0.0038,-0.0066,-0.0014,0.005,-0.0056,0.0047,0.0003
AMR,PEL,HG01970,HG01970,0.027,-0.0573,-0.0085,-0.0346,-0.0285,0.0515,-0.0155,-0.006,-0.0234,0.0006,0.0259,0.0195,0.0053,0.0102,0.0075
AMR,PEL,HG01971,HG01971,0.0121,-0.0507,0.0184,-0.0198,-0.01,0.0182,-0.0067,0.0189,-0.0048,0.006,0.0115,0.0064,0.0064,0.0175,0.0019
AMR,PEL,HG01973,HG01973,0.0269,-0.0792,-0.0014,-0.0259,-0.0215,0.0543,-0.0141,-0.0015,-0.0109,0.0071,0.0034,0.0121,-0.0043,-0.0114,0.0156
AMR,PEL,HG01974,HG01974,0.0303,-0.0999,0.0027,-0.0157,-0.0145,0.0071,0.0113,-0.0132,-0.001,-0.0117,0.009,-0.0057,0.0079,0.0137,-0.0058
AMR,PEL,HG01976,HG01976,0.0285,-0.0594,-0.0038,-0.0201,-0.0223,0.0464,-0.008,-0.0048,0.0033,0.0335,-0.0025,-0.0018,0.0045,0.0107,-0.0015
AMR,PEL,HG01977,HG01977,0.0288,-0.0762,0.0025,-0.0129,-0.0215,0.0442,0.0062,0.0083,-0.0148,0.003,0.0203,-0.0176,0.0023,0.0005,-0.0115
AMR,PEL,HG01979,HG01979,0.0273,-0.0651,-0.0038,-0.0218,-0.0227,0.0539,-0.0061,0.0069,0.0064,-0.0015,-0.0044,-0.0022,-0.0081,-0.0081,-0.0129
AMR,PEL,HG01980,HG01980,0.0263,-0.0678,0.0009,-0.0102,-0.0263,0.0196,-0.0053,0.0118,-0.0049,-0.0018,-0.0026,0.0054,0.0066,0.0093,0.0085
AMR,PEL,HG01982,HG01982,0.0289,-0.0717,-0.0062,-0.0267,-0.0112,0.0332,-0.0148,0.0029,-0.0067,-0.0082,-0.0046,0.0052,-0.0017,0.004,-0.0092
AMR,PEL,HG01991,HG01991,0.0266,-0.0685,-0.001,-0.0451,-0.0384,0.0544,-0.0099,0.0022,-0.0096,0.0067,0.0321,-0.0034,-0.0101,-0.0135,0.0039
AMR,PEL,HG01992,HG01992,0.0297,-0.0939,-0.0038,-0.0321,-0.023,0.0366,-0.0006,0.0092,-0.0132,-0.0137,0.0147,-0.0024,-0.0082,0.0057,-0.0004
AMR,PEL,HG01997,HG01997,0.0307,-0.0905,0.0003,-0.0271,-0.0333,0.02,-0.0039,-0.0047,-0.0027,-0.0021,0.0177,0.0025,0.0121,0.0014,0.0113
AMR,PEL,HG02002,HG02002,0.0281,-0.0743,-0.001,-0.0271,-0.0321,0.0532,0.0035,-0.0007,-0.0037,-0.0085,-0.0015,0.0081,0.007,0.0124,-0.0148
AMR,PEL,HG02003,HG02003,0.0285,-0.0787,0.0009,-0.0413,-0.0319,0.0676,-0.0333,-0.0,0.0042,-0.0033,-0.0083,0.0075,-0.001,0.0144,0.001
AMR,PEL,HG02006,HG02006,-0.0074,-0.0223,0.0131,-0.0105,-0.0042,0.0422,0.0122,0.0235,0.0241,-0.0443,0.017,-0.0009,0.0078,-0.0177,0.012
AMR,PEL,HG02008,HG02008,0.0283,-0.0813,0.0032,-0.0128,-0.0084,0.026,-0.0037,0.0022,-0.0142,-0.0015,0.0032,0.0213,-0.0012,-0.0022,-0.0071
AMR,PEL,HG02089,HG02089,0.0269,-0.0587,0.0014,-0.0138,-0.0139,0.0293,-0.0246,0.0006,-0.0024,-0.0105,-0.0077,-0.0014,-0.0022,0.0005,-0.005
AMR,PEL,HG02090,HG02090,0.0165,-0.0506,-0.0098,0.0011,-0.0215,0.0492,-0.0271,0.0084,-0.0047,-0.0086,-0.0157,0.0057,0.0249,-0.0268,-0.0254
AMR,PEL,HG02102,HG02102,0.0289,-0.0842,0.0015,-0.0334,-0.0167,0.05,-0.0101,0.0074,-0.0223,0.0108,0.0021,0.0051,0.0155,0.0002,0.009
AMR,PEL,HG02104,HG02104,0.0302,-0.0939,0.0003,-0.0263,-0.0096,0.0451,0.001,-0.0125,0.0047,-0.0048,0.0096,0.0002,0.0048,-0.0109,-0.0131
AMR,PEL,HG02105,HG02105,0.0302,-0.0988,-0.003,-0.0327,-0.0211,0.042,0.0137,0.0023,-0.0039,-0.0087,0.0153,0.0098,0.0152,0.0069,0.0105
AMR,PEL,HG02146,HG02146,0.0289,-0.0866,0.002,-0.0531,-0.0169,0.0682,-0.0248,-0.0067,0.0123,-0.0063,-0.01,0.0122,-0.002,0.0057,-0.0089
AMR,PEL,HG02147,HG02147,0.0308,-0.0969,0.0038,-0.0311,-0.0142,0.0639,-0.0144,0.0038,0.0224,0.0195,0.0056,0.0003,0.0046,0.0075,0.0068
AMR,PEL,HG02150,HG02150,0.031,-0.0982,-0.0059,-0.0372,-0.0376,0.0574,0.0056,0.0068,0.0065,0.007,0.0174,-0.0086,-0.0004,-0.007,-0.0077
AMR,PEL,HG02252,HG02252,0.026,-0.059,0.0066,-0.0147,-0.0114,0.0116,0.0066,0.0011,0.006,0.0012,0.0008,-0.0188,0.0027,0.0112,-0.0107
AMR,PEL,HG02253,HG02253,0.027,-0.0435,-0.0011,-0.0282,-0.0173,0.0559,-0.0094,-0.0165,-0.0102,-0.0175,-0.0204,0.007,0.012,-0.0161,-0.0171
AMR,PEL,HG02259,HG02259,0.0308,-0.1012,-0.0004,-0.0407,-0.0355,0.0684,-0.0006,-0.0013,0.0026,0.0046,-0.0079,0.0021,-0.0168,-0.009,-0.002
AMR,PEL,HG02260,HG02260,0.0286,-0.0828,-0.0011,-0.03,-0.0114,0.0654,0.0037,-0.014,-0.006,-0.004,-0.0021,0.0148,0.0053,0.0093,0.0009
AMR,PEL,HG02262,HG02262,0.0283,-0.0762,0.004,-0.0206,-0.0359,0.0511,-0.0265,-0.0056,0.0041,0.0,0.0025,0.0043,0.0022,0.0126,-0.0024
AMR,PEL,HG02265,HG02265,0.0312,-0.0959,-0.0044,-0.0474,-0.0359,0.0669,-0.016,-0.005,0.0002,-0.0072,-0.0019,0.0087,0.0071,0.0027,-0.0097
AMR,PEL,HG02266,HG02266,0.0294,-0.0926,0.0014,-0.0114,-0.0148,0.0219,0.0089,0.007,-0.0016,-0.0031,-0.0147,0.0067,0.0028,0.0203,0.0046
AMR,PEL,HG02271,HG02271,0.0296,-0.1017,-0.0031,-0.0527,-0.0265,0.0677,-0.0223,-0.0093,-0.0024,-0.0051,0.0066,-0.0079,0.0002,-0.0064,-0.0034
AMR,PEL,HG02272,HG02272,0.0309,-0.108,0.0021,-0.0479,-0.0375,0.0614,-0.0029,0.0028,-0.0052,0.0007,0.0045,-0.0072,-0.0019,-0.0031,-0.0004
AMR,PEL,HG02274,HG02274,0.005,-0.0584,0.0124,-0.0235,-0.0316,0.059,-0.0067,-0.0013,0.0106,0.0105,0.0271,0.0034,-0.0008,-0.0054,0.0043
AMR,PEL,HG02275,HG02275,0.0311,-0.1,0.0005,-0.0347,-0.0251,0.0535,0.0056,-0.0049,0.0056,-0.0018,0.0054,0.0028,0.0009,-0.0015,0.0009
AMR,PEL,HG02277,HG02277,0.0279,-0.0556,-0.0027,-0.0112,0.0003,0.0168,-0.0233,-0.0135,-0.0158,-0.0115,0.0169,0.0034,-0.0107,-0.0017,-0.0064
AMR,PEL,HG02278,HG02278,0.0298,-0.0948,-0.001,-0.0268,-0.0222,0.0664,0.0029,-0.0014,0.0153,-0.0007,-0.0037,-0.0018,-0.0017,-0.0042,-0.0054
AMR,PEL,HG02285,HG02285,0.0276,-0.076,-0.0001,-0.0235,-0.0252,0.0388,0.0062,-0.0137,0.0031,-0.0024,-0.0026,-0.0002,0.0153,0.0127,0.0102
AMR,PEL,HG02286,HG02286,0.0283,-0.0714,0.0088,-0.0253,-0.022,0.0579,-0.0149,-0.0034,0.0019,0.0018,-0.0019,0.0018,0.001,-0.0087,0.0076
AMR,PEL,HG02291,HG02291,0.0306,-0.1032,-0.0029,-0.041,-0.0242,0.0759,-0.0016,-0.0032,-0.005,-0.0032,-0.0032,0.0071,0.0009,-0.0089,-0.0048
AMR,PEL,HG02292,HG02292,0.0304,-0.0888,0.0012,-0.037,-0.0274,0.0719,0.0047,-0.0116,-0.0061,-0.0054,-0.0015,-0.0009,-0.0126,-0.0058,-0.0012
AMR,PEL,HG02298,HG02298,0.0267,-0.0516,-0.0047,-0.0214,-0.0266,0.0605,-0.0049,-0.0112,-0.0199,-0.0179,0.0159,-0.0044,-0.0066,-0.042,0.0101
AMR,PEL,HG02299,HG02299,0.0289,-0.0863,-0.0042,-0.0264,-0.0206,0.0699,0.023,-0.0072,-0.0016,0.0062,0.0001,0.0056,0.0019,0.0037,-0.0108
AMR,PEL,HG02301,HG02301,0.0284,-0.0813,-0.0037,-0.0288,-0.025,0.0261,-0.0028,-0.0125,-0.0022,0.0004,0.0044,-0.0106,-0.0049,-0.0086,0.0054
AMR,PEL,HG02304,HG02304,0.0238,-0.0741,-0.001,-0.0175,-0.028,0.013,-0.0062,0.007,0.0013,0.008,-0.0124,-0.0005,0.002,-0.0123,0.0165
AMR,PEL,HG02312,HG02312,0.0275,-0.0514,0.0045,-0.0072,-0.0124,0.0295,-0.0008,-0.0136,0.0042,-0.0116,-0.0068,0.0109,-0.0007,-0.025,-0.0113
AMR,PEL,HG02345,HG02345,0.0201,-0.0357,-0.0005,-0.012,-0.0115,0.0238,-0.0309,0.0108,0.0248,0.0167,-0.0097,0.0004,0.0013,0.0189,-0.0003
AMR,PEL,HG02348,HG02348,0.0295,-0.0846,-0.0036,-0.0282,-0.0219,0.0376,-0.02,-0.0023,-0.0005,-0.0051,-0.0049,0.0036,-0.0069,-0.0082,-0.0097
AMR,PEL,HG02425,HG02425,0.0221,-0.0471,-0.0057,-0.021,0.0053,0.0143,-0.0108,0.0005,0.0012,-0.0009,-0.028,0.0025,-0.0033,0.0156,0.006
AMR,PUR,HG00551,HG00551,0.0176,0.0167,0.0044,0.0605,-0.0447,-0.0007,0.0369,0.0235,-0.0448,0.0107,0.0034,-0.0207,-0.016,0.0355,-0.0433
AMR,PUR,HG00553,HG00553,0.0089,0.0049,0.0036,0.0735,-0.0798,0.0096,0.0387,0.01,-0.0149,0.0095,0.0275,0.0128,-0.0125,-0.0093,-0.0067
AMR,PUR,HG00554,HG00554,0.0171,0.0201,0.0031,0.048,-0.0357,-0.0209,0.0198,-0.0183,-0.0026,0.0017,0.0197,0.005,-0.0241,0.0159,-0.0092
AMR,PUR,HG00637,HG00637,0.011,0.0154,-0.0004,0.0545,-0.046,-0.0132,0.0355,0.0104,-0.0205,0.0126,0.0028,-0.0137,-0.022,0.0009,-0.0115
AMR,PUR,HG00638,HG00638,0.0096,0.0117,0.0042,0.0438,-0.0303,-0.0114,0.0169,0.0474,0.0024,-0.0061,-0.0192,0.0204,0.0241,0.0032,0.0145
AMR,PUR,HG00640,HG00640,0.0187,0.0215,-0.0073,0.0912,-0.0793,0.0114,0.0474,0.0337,-0.0119,-0.0175,0.016,-0.006,-0.0019,0.0029,-0.0056
AMR,PUR,HG00641,HG00641,0.0176,0.0139,0.0071,0.0723,-0.0807,0.0123,0.0501,-0.0486,0.0109,0.012,-0.0197,-0.0486,0.0325,-0.0511,0.0055
AMR,PUR,HG00731,HG00731,0.0218,0.0283,-0.0037,0.0676,-0.0466,0.0021,0.0121,0.0635,-0.0466,-0.0176,0.0269,-0.0319,-0.0571,-0.0141,-0.0066
AMR,PUR,HG00732,HG00732,0.0194,0.0177,0.0017,0.0622,-0.0438,0.0196,0.0201,0.0078,-0.0293,-0.0006,0.01,-0.0042,-0.0068,0.0075,0.0035
AMR,PUR,HG00734,HG00734,0.015,0.0082,0.0082,0.0675,-0.0581,-0.0075,0.0221,0.0069,-0.005,-0.0245,0.013,-0.0145,-0.0086,-0.0021,-0.017
AMR,PUR,HG00736,HG00736,0.0189,0.0228,-0.004,0.0406,-0.0755,0.0012,-0.0216,-0.0181,-0.0218,-0.012,-0.0229,0.019,0.0176,0.0053,0.0111
AMR,PUR,HG00737,HG00737,0.0171,0.0203,-0.0025,0.0644,-0.0308,-0.0136,0.0301,-0.0191,-0.0189,-0.0176,-0.0282,0.0123,0.0352,-0.0086,-0.0026
AMR,PUR,HG00739,HG00739,0.0205,0.029,0.0007,-0.0013,-0.0283,0.0172,-0.0285,-0.0193,0.0198,0.0329,-0.0198,0.0133,0.0409,0.0232,0.0171
AMR,PUR,HG00740,HG00740,0.0147,0.0135,0.0033,0.0642,-0.0488,-0.0018,0.0358,-0.0021,0.0241,0.0394,0.0345,0.0096,-0.0036,0.009,-0.0043
AMR,PUR,HG00742,HG00742,0.019,0.0303,0.0039,0.0368,-0.0608,0.0262,0.0126,-0.0123,-0.0063,-0.0119,-0.0168,0.0279,-0.0065,0.0276,-0.0047
AMR,PUR,HG00743,HG00743,0.0175,0.0053,0.0056,0.0659,-0.0724,0.0119,0.0283,-0.0317,0.0262,0.028,0.0305,-0.0021,-0.0031,0.0293,-0.0278
AMR,PUR,HG01047,HG01047,0.0182,0.0228,-0.0018,0.026,-0.0401,-0.0115,0.0088,0.0324,0.0179,-0.0072,0.0247,0.0021,-0.0109,-0.0135,-0.037
AMR,PUR,HG01048,HG01048,0.0147,0.0146,0.0057,0.0738,-0.0673,0.0268,0.046,0.0076,-0.045,-0.0257,-0.0043,0.0253,0.0247,0.036,-0.0205
AMR,PUR,HG01049,HG01049,0.0045,0.0093,0.0014,0.0496,-0.067,-0.0084,0.0325,0.004,0.0098,0.0059,0.012,0.0063,0.0006,0.006,0.0069
AMR,PUR,HG01051,HG01051,0.0053,0.0048,-0.0007,0.0586,-0.0565,-0.0093,0.0502,0.0123,-0.0322,0.0087,0.0163,-0.0427,-0.0282,0.036,0.0058
AMR,PUR,HG01052,HG01052,0.0058,0.0046,0.0112,0.0507,-0.0382,-0.0177,0.044,0.0613,-0.0291,0.0223,0.0148,-0.0315,0.0046,-0.0273,-0.0443
AMR,PUR,HG01054,HG01054,0.0189,0.0135,0.0098,0.0637,-0.0953,-0.0027,0.0151,0.0051,-0.0082,-0.0093,0.0106,-0.0304,0.0115,0.0057,0.021
AMR,PUR,HG01055,HG01055,0.0134,0.0201,0.0042,0.0537,-0.086,-0.0099,0.014,0.0119,-0.0095,-0.0117,0.0304,-0.011,0.0028,-0.041,-0.0294
AMR,PUR,HG01058,HG01058,0.0143,0.0127,0.0054,0.047,-0.062,-0.0184,-0.0086,0.0051,0.0168,-0.0129,-0.0486,0.0438,0.0427,-0.0339,-0.0058
AMR,PUR,HG01060,HG01060,0.0161,0.0208,0.0011,0.0788,-0.071,0.0084,0.0581,-0.0054,0.0048,-0.0099,0.006,-0.0133,-0.0161,-0.0324,0.0052
AMR,PUR,HG01061,HG01061,0.019,0.0187,0.0127,0.1053,-0.111,-0.0023,0.0341,-0.0392,0.0034,0.0024,0.0406,0.0055,-0.0057,0.0153,-0.0382
AMR,PUR,HG01063,HG01063,-0.0058,0.0063,0.0268,0.048,-0.0226,0.0001,0.0228,-0.0831,-0.0197,0.0357,-0.0118,-0.0867,0.0172,-0.0123,0.0074
AMR,PUR,HG01064,HG01064,0.0108,0.0166,0.0088,0.0783,-0.0731,-0.0225,0.0277,-0.0633,-0.0803,-0.0442,-0.0358,-0.0189,-0.0177,0.0161,-0.0426
AMR,PUR,HG01066,HG01066,0.0177,0.021,0.0003,0.0667,-0.0587,0.0174,-0.0052,-0.0132,-0.0058,0.0099,-0.0163,-0.0191,0.0116,-0.0025,0.0188
AMR,PUR,HG01067,HG01067,0.017,0.0169,0.004,0.0876,-0.0917,-0.0112,0.0441,-0.0373,0.0056,0.0209,-0.0357,0.0117,0.0211,-0.0017,0.0071
AMR,PUR,HG01069,HG01069,0.0178,0.0135,0.001,0.0763,-0.0918,0.0225,-0.032,-0.0395,0.0167,0.0018,-0.032,-0.0114,0.0344,0.0154,-0.0098
AMR,PUR,HG01070,HG01070,0.0192,0.015,0.0088,0.0656,-0.068,0.0049,0.0292,0.01,0.0257,-0.0426,-0.0065,0.0032,-0.0308,-0.0325,-0.0115
AMR,PUR,HG01072,HG01072,0.0182,0.0163,-0.0037,0.0775,-0.0911,0.0265,0.0216,-0.0376,-0.0212,0.0326,0.0024,-0.0122,0.0006,0.0463,0.0305
AMR,PUR,HG01073,HG01073,0.018,0.0168,-0.0039,0.0767,-0.0734,0.0029,0.0081,-0.0382,0.0175,0.0166,0.0221,0.0101,0.0065,-0.0332,0.019
AMR,PUR,HG01075,HG01075,0.0158,0.0311,0.0073,0.0103,0.0045,-0.0033,-0.0179,-0.0285,0.014,-0.0266,0.0489,0.0416,0.0159,0.0348,-0.0415
AMR,PUR,HG01077,HG01077,0.0072,0.0069,-0.0012,0.0438,-0.0537,-0.0143,0.0025,0.0454,-0.0212,-0.0147,0.0321,0.0284,0.0098,0.0189,0.028
AMR,PUR,HG01079,HG01079,0.0107,0.0144,0.0022,0.0727,-0.0325,0.0031,0.0102,-0.0226,0.0228,-0.0013,-0.0433,0.0362,-0.0097,-0.0315,0.0321
AMR,PUR,HG01080,HG01080,0.0172,0.006,0.0054,0.079,-0.0534,0.0115,0.0099,0.0189,-0.012,0.0026,-0.0072,-0.0099,-0.0005,0.0121,-0.0333
AMR,PUR,HG01082,HG01082,0.0067,0.0095,0.0083,0.0606,-0.0404,-0.0069,0.0379,-0.0367,-0.0286,0.0153,-0.0288,0.0368,-0.0416,-0.0396,0.0399
AMR,PUR,HG01083,HG01083,0.0157,0.0126,0.0027,0.0714,-0.0656,0.0042,0.0123,0.059,0.0286,0.0215,0.0044,0.006,0.0138,-0.0268,0.0124
AMR,PUR,HG01085,HG01085,0.012,0.0163,0.0056,0.0251,-0.0299,0.0144,-0.008,0.0095,0.0099,0.0422,-0.0113,0.0245,-0.0194,-0.0204,-0.0426
AMR,PUR,HG01086,HG01086,0.0147,0.0098,0.0032,0.0581,-0.052,-0.0557,0.0248,0.0301,-0.0049,-0.0131,0.0534,-0.0188,0.0299,-0.0155,0.0199
AMR,PUR,HG01088,HG01088,0.0087,0.0183,0.0017,0.0479,-0.0527,-0.0057,0.0283,0.0653,-0.0324,0.0079,0.0091,-0.0203,-0.0596,-0.0199,-0.042
AMR,PUR,HG01089,HG01089,0.0099,0.013,-0.0012,0.0429,-0.0593,-0.0099,0.0206,-0.0114,0.032,0.0189,0.0089,0.0014,-0.0133,-0.0402,0.0105
AMR,PUR,HG01092,HG01092,0.0035,0.0094,0.0101,0.0412,-0.056,-0.0143,0.0684,-0.0633,-0.0189,-0.0026,-0.013,-0.04,0.035,0.0243,0.0104
AMR,PUR,HG01094,HG01094,0.0126,0.0167,0.0104,0.053,-0.0605,-0.0114,0.0276,0.0552,0.0227,-0.0091,-0.0031,-0.0178,-0.0222,-0.0265,0.0
AMR,PUR,HG01095,HG01095,0.0161,0.0169,-0.0016,0.0364,-0.0651,0.0185,0.0152,0.0125,0.019,-0.0322,0.0106,-0.0088,0.0186,0.0086,-0.0252
AMR,PUR,HG01097,HG01097,0.0163,0.0161,-0.0043,0.0733,-0.0536,-0.0202,0.0256,-0.011,0.0181,0.0159,-0.0121,-0.0231,-0.0261,-0.0084,0.0087
AMR,PUR,HG01098,HG01098,0.0171,0.0172,0.0069,0.071,-0.0923,-0.0231,0.0619,-0.0046,0.025,0.0144,-0.0499,0.0261,0.0192,0.0308,0.0027
AMR,PUR,HG01101,HG01101,0.0125,0.0111,0.0002,0.0676,-0.0479,-0.0054,0.0089,0.0532,0.0135,-0.0029,0.0235,0.015,-0.0164,0.0152,-0.0126
AMR,PUR,HG01102,HG01102,0.0086,0.0129,0.0063,0.0679,-0.0517,-0.0324,0.0384,0.0376,0.0389,0.0169,-0.0255,0.0306,0.0176,-0.0115,-0.0103
AMR,PUR,HG01104,HG01104,0.0162,0.0181,0.0047,0.0602,-0.0593,-0.0025,0.0115,0.0303,0.0115,-0.0178,0.0164,0.004,-0.0169,-0.0031,-0.0218
AMR,PUR,HG01105,HG01105,0.0168,0.0239,0.0079,0.0442,-0.0431,0.0167,-0.0062,-0.0001,-0.0124,-0.0608,0.0339,0.0084,-0.0751,0.0147,-0.0294
AMR,PUR,HG01107,HG01107,0.0046,0.0169,0.0069,0.0679,-0.0314,-0.0113,0.0183,0.0013,0.0056,-0.0809,0.0148,-0.0393,0.0728,-0.0215,-0.0068
AMR,PUR,HG01108,HG01108,-0.0328,0.0028,0.0452,0.007,-0.0259,0.0155,0.0364,-0.078,-0.0247,0.0744,-0.0164,-0.0052,-0.0138,0.1008,0.0824
AMR,PUR,HG01110,HG01110,0.0148,0.0134,0.0109,0.0446,-0.0353,0.0114,0.0151,-0.0104,-0.01,0.0242,-0.0005,-0.0093,0.0216,0.0498,0.006
AMR,PUR,HG01111,HG01111,0.015,0.0142,0.0114,0.0475,-0.0165,-0.0102,0.0134,-0.0101,0.0281,0.0408,-0.0003,0.0176,-0.0378,0.0223,0.0021
AMR,PUR,HG01161,HG01161,0.0099,0.0113,0.0103,0.0705,-0.0257,-0.0338,0.0239,-0.0275,0.01,-0.0068,0.0084,-0.0111,-0.0196,0.025,0.0354
AMR,PUR,HG01162,HG01162,0.0154,0.0131,-0.005,0.0805,-0.0734,0.0024,0.0377,0.0129,-0.0145,0.0622,-0.0454,0.0363,0.0006,0.0028,0.0051
AMR,PUR,HG01164,HG01164,0.0168,0.0198,0.0054,0.0624,-0.0507,-0.0054,0.019,-0.008,-0.0233,-0.0108,0.0321,0.0021,-0.0252,-0.0184,-0.023
AMR,PUR,HG01167,HG01167,0.0046,0.0088,0.0011,0.0484,-0.0473,0.0223,-0.0026,0.0093,-0.0069,0.0009,-0.0103,0.0607,0.0121,-0.0069,0.0002
AMR,PUR,HG01168,HG01168,0.021,0.0292,-0.0066,0.0376,-0.037,0.0195,0.0101,-0.0144,-0.0396,-0.0012,-0.0119,-0.0024,-0.007,-0.0189,-0.0282
AMR,PUR,HG01170,HG01170,0.0144,0.0116,-0.0016,0.0651,-0.041,0.0202,0.0185,0.0145,0.0213,-0.0185,0.0161,-0.0021,-0.0011,-0.033,-0.027
AMR,PUR,HG01171,HG01171,0.0077,0.0099,-0.0056,0.0366,-0.0486,-0.0127,0.0196,0.0253,0.0116,-0.0255,-0.0338,0.0071,-0.012,-0.0517,-0.0083
AMR,PUR,HG01173,HG01173,0.017,0.0299,-0.001,0.0496,-0.0426,0.0344,-0.0196,0.0058,-0.0246,-0.0195,0.0248,-0.0049,0.0239,-0.0109,0.0025
AMR,PUR,HG01174,HG01174,0.0204,0.0216,-0.0003,0.0585,-0.0557,-0.0024,0.0203,0.0224,0.005,0.0298,0.0133,0.0135,0.019,0.0016,-0.0054
AMR,PUR,HG01176,HG01176,0.0171,0.015,0.004,0.0695,-0.0597,0.0054,0.014,0.0157,-0.0265,0.0412,0.0118,-0.0281,-0.0219,-0.0119,-0.0223
AMR,PUR,HG01177,HG01177,0.0181,0.0091,-0.0016,0.0721,-0.0845,0.0082,0.004,0.0048,-0.0103,-0.0056,-0.0054,0.0367,0.0185,0.0226,-0.0318
AMR,PUR,HG01182,HG01182,0.0111,0.012,0.0001,0.0614,-0.0674,-0.0072,0.0472,-0.0213,-0.0125,0.0101,-0.0157,0.0147,0.0544,0.01,0.0398
AMR,PUR,HG01183,HG01183,0.0146,0.0125,0.0058,0.0793,-0.0747,-0.0173,0.0368,-0.0259,-0.0289,0.0336,0.005,-0.0057,-0.0196,-0.0154,0.0035
AMR,PUR,HG01187,HG01187,0.0108,-0.0034,0.006,0.0405,-0.0623,-0.0091,0.0349,-0.017,-0.0021,0.0199,0.0119,0.0393,-0.0127,0.0395,-0.0306
AMR,PUR,HG01188,HG01188,0.005,0.0008,0.0031,0.0726,-0.0606,0.0089,0.0268,0.0101,-0.0172,0.0216,-0.0499,-0.0502,-0.0037,-0.0005,0.0321
AMR,PUR,HG01190,HG01190,0.0104,0.0,0.0069,0.0765,-0.072,-0.0012,0.0711,0.03,-0.0156,0.0076,0.0145,0.0099,0.03,-0.0103,-0.009
AMR,PUR,HG01191,HG01191,0.0171,0.008,0.0115,0.0757,-0.0773,0.0228,0.0175,0.0038,0.0254,-0.0078,-0.0181,0.0105,-0.0126,-0.0131,0.0298
AMR,PUR,HG01197,HG01197,0.0201,0.0161,-0.0005,0.0785,-0.0942,0.0002,0.0293,-0.0345,-0.0056,-0.0135,-0.0023,-0.0053,0.0043,-0.0074,0.0107
AMR,PUR,HG01198,HG01198,0.0076,0.0132,0.0038,0.0693,-0.0545,-0.0117,-0.0041,0.0027,0.0263,0.0209,0.0277,0.0333,0.058,0.0101,0.0467
AMR,PUR,HG01200,HG01200,0.0207,0.0242,0.0025,0.0467,-0.0469,-0.0006,0.0075,0.0553,-0.0544,-0.0011,0.0465,-0.0196,-0.0128,0.0167,-0.0548
AMR,PUR,HG01204,HG01204,0.0154,0.0164,0.0137,0.056,-0.0362,0.0199,-0.0195,-0.0233,-0.0142,-0.0277,-0.0165,-0.0017,-0.0005,0.0292,0.0013
AMR,PUR,HG01205,HG01205,0.015,0.0188,0.0112,0.0587,-0.032,-0.0181,0.0134,0.0152,0.027,0.0172,-0.0511,0.027,0.0294,-0.0146,0.0241
AMR,PUR,HG01241,HG01241,-0.0368,0.0008,0.0304,0.0157,-0.0115,0.0155,0.013,0.0536,0.0336,0.045,-0.0469,0.0294,0.0609,-0.1155,0.0689
AMR,PUR,HG01242,HG01242,-0.022,0.0114,0.0213,0.0213,-0.0294,0.0253,-0.0199,0.0677,-0.0223,-0.0398,-0.0044,-0.0323,0.001,-0.0423,0.0007
AMR,PUR,HG01247,HG01247,0.0062,0.0092,0.0114,0.0489,-0.0438,0.0002,0.01,0.0204,0.0118,-0.0284,0.0468,-0.0013,-0.0039,0.002,-0.0169
AMR,PUR,HG01248,HG01248,0.0144,0.0174,0.0061,0.053,-0.0237,0.0093,-0.0059,-0.0538,-0.0249,-0.0164,-0.0279,0.0064,-0.0115,0.0429,0.0301
AMR,PUR,HG01286,HG01286,0.0046,0.0098,0.0163,0.049,-0.0489,-0.0144,0.0174,0.0152,0.0228,-0.012,0.051,0.0539,0.034,-0.0152,-0.0425
AMR,PUR,HG01302,HG01302,0.0152,0.0079,0.0063,0.0786,-0.0666,0.0023,0.0305,-0.0086,0.0234,0.0015,-0.0152,-0.0222,-0.0077,-0.0126,0.0135
AMR,PUR,HG01303,HG01303,0.0152,0.0074,-0.0017,0.0722,-0.0994,-0.0234,0.0679,-0.0052,-0.0163,0.0132,-0.0096,-0.0004,0.0017,0.0204,-0.0036
AMR,PUR,HG01305,HG01305,0.0112,0.0085,0.008,0.0638,-0.0442,-0.0121,0.0478,0.0047,0.0435,0.0073,0.0115,0.0389,-0.03,-0.0184,-0.0028
AMR,PUR,HG01308,HG01308,0.0046,0.0076,0.0064,0.0784,-0.0697,-0.004,0.0505,-0.0167,0.0454,-0.0043,-0.0334,-0.0519,0.0291,0.0181,-0.0009
AMR,PUR,HG01311,HG01311,0.0155,0.0221,0.0045,0.0369,-0.0224,-0.0083,0.0158,0.0472,0.0191,-0.0046,-0.0125,-0.0238,-0.0404,-0.022,-0.0064
AMR,PUR,HG01312,HG01312,0.0138,0.0167,-0.0048,0.0553,-0.0515,0.0295,-0.0387,0.0604,0.0168,0.0103,0.0467,0.0001,-0.0381,0.0121,-0.0203
AMR,PUR,HG01323,HG01323,0.0151,0.0119,0.0042,0.0534,-0.0368,0.0038,-0.01,-0.0029,-0.0001,0.0059,-0.0087,-0.0088,0.0021,0.0431,-0.0131
AMR,PUR,HG01325,HG01325,0.0125,0.0206,0.0051,0.0459,-0.047,0.0001,0.016,-0.0128,0.0084,-0.0029,-0.0363,-0.0352,-0.0058,-0.0581,0.0245
AMR,PUR,HG01326,HG01326,0.0154,0.0112,0.0082,0.0726,-0.0496,-0.0155,0.0181,0.0042,-0.0129,-0.0162,0.0393,-0.0169,-0.0294,-0.0208,0.0287
AMR,PUR,HG01392,HG01392,0.011,0.0072,0.0119,0.0791,-0.0528,-0.0286,0.0564,0.0073,0.0078,-0.0473,-0.0107,0.0005,-0.0029,0.0117,-0.0865
AMR,PUR,HG01393,HG01393,0.0071,0.0136,-0.0047,0.0406,-0.0438,0.0093,0.027,0.077,0.0331,0.0131,0.0215,-0.0039,-0.0068,-0.0369,-0.0384
AMR,PUR,HG01395,HG01395,0.0176,0.0183,0.0001,0.0527,-0.06,0.013,0.0212,0.0054,0.0169,-0.0163,0.0207,0.0156,-0.0236,-0.017,-0.0009
AMR,PUR,HG01396,HG01396,0.0105,0.0063,0.0082,0.0542,-0.0463,0.0003,0.0259,-0.0294,0.0434,0.0041,-0.0594,0.0361,0.007,0.0309,0.0106
AMR,PUR,HG01398,HG01398,0.0103,0.0101,-0.0044,0.0504,-0.0427,0.0221,0.0201,-0.0066,0.0201,-0.0429,-0.0578,0.0302,-0.0104,-0.0228,-0.0405
AMR,PUR,HG01402,HG01402,0.0097,0.0084,0.0069,0.0556,-0.0727,-0.0156,-0.0035,0.0101,0.0026,-0.0217,0.0672,-0.0228,0.0178,-0.0128,0.0131
AMR,PUR,HG01403,HG01403,0.01,0.0109,0.0195,0.0719,-0.0472,0.0005,0.0213,0.0067,-0.0035,0.0417,-0.0056,0.0066,-0.0211,0.0542,-0.0288
AMR,PUR,HG01405,HG01405,0.0154,0.0187,0.0047,0.0543,-0.0345,-0.0154,-0.0105,0.0307,-0.0179,0.028,0.0357,-0.0061,-0.042,0.0285,-0.0135
AMR,PUR,HG01412,HG01412,0.0164,0.0047,-0.0008,0.0712,-0.0616,0.0074,0.0505,-0.0266,0.0194,-0.0195,-0.0101,-0.0145,-0.025,0.0492,0.004
AMR,PUR,HG01413,HG01413,0.0126,0.0077,0.0058,0.0695,-0.0571,-0.0382,0.0213,0.0157,-0.0265,-0.0058,0.0183,-0.0002,0.0114,-0.026,0.0221
AMR,PUR,HG01414,HG01414,0.013,0.0069,0.0025,0.0476,-0.0474,0.0051,0.0131,-0.0404,-0.0053,0.0113,0.0022,-0.0351,0.0126,-0.0371,-0.0228
EUR,GBR,HG00096,HG00096,0.0244,0.0409,0.0033,-0.0697,-0.0068,0.0003,0.056,-0.0328,0.0135,-0.014,-0.0112,-0.0309,-0.0243,0.0312,-0.0092
EUR,GBR,HG00097,HG00097,0.0252,0.0395,-0.0028,-0.0779,-0.013,-0.0114,0.0406,0.0354,0.0362,-0.0198,0.0765,0.0054,-0.0082,-0.0367,-0.0512
EUR,GBR,HG00099,HG00099,0.0251,0.0375,0.0012,-0.0892,-0.028,-0.0235,0.0342,-0.0057,0.0364,0.0418,-0.0382,0.0078,-0.0116,-0.0167,0.0008
EUR,GBR,HG00100,HG00100,0.0256,0.0408,-0.0018,-0.0911,-0.0205,-0.0121,0.0767,0.0234,0.0415,0.0107,-0.0056,-0.0382,-0.0254,-0.0279,-0.044
EUR,GBR,HG00101,HG00101,0.0246,0.0384,0.0032,-0.0948,-0.0182,-0.0261,0.0925,0.0636,0.0137,0.014,0.0129,-0.0701,0.0067,-0.0681,-0.0654
EUR,GBR,HG00102,HG00102,0.0254,0.0367,0.0051,-0.0919,-0.0432,-0.0305,0.0349,0.0208,-0.0037,-0.0131,0.0106,-0.0356,-0.0687,-0.0632,0.0266
EUR,GBR,HG00103,HG00103,0.0246,0.0393,0.0021,-0.0915,-0.0343,-0.0579,0.043,0.0209,-0.0251,-0.0476,0.0312,-0.0107,0.0164,0.034,-0.0095
EUR,GBR,HG00105,HG00105,0.025,0.0401,-0.0003,-0.0488,-0.0304,-0.0029,0.0463,-0.0037,0.0213,-0.0058,0.0154,-0.0183,0.0277,0.0707,0.0067
EUR,GBR,HG00106,HG00106,0.0256,0.0389,0.0066,-0.0772,-0.0455,-0.0445,0.0175,0.0353,0.0256,0.023,-0.0374,0.0175,-0.0078,-0.0007,-0.0209
EUR,GBR,HG00107,HG00107,0.0265,0.0373,0.0043,-0.0879,-0.0261,-0.0215,0.0594,-0.0013,-0.0137,-0.052,0.0336,-0.0385,-0.0384,-0.0386,0.01
EUR,GBR,HG00108,HG00108,0.0245,0.04,-0.005,-0.0788,-0.0323,-0.0331,0.0427,0.0328,-0.0364,-0.0243,0.0358,-0.0235,-0.0132,-0.0502,0.0136
EUR,GBR,HG00109,HG00109,0.0248,0.0391,-0.0021,-0.0863,-0.0347,-0.0573,-0.0141,0.0313,0.0182,-0.0364,0.0158,0.019,-0.0073,-0.0182,-0.0204
EUR,GBR,HG00110,HG00110,0.0252,0.0402,-0.0006,-0.078,-0.0374,-0.0281,0.0548,0.001,-0.0052,0.0195,0.0004,0.0112,-0.0136,-0.0435,0.0102
EUR,GBR,HG00111,HG00111,0.0251,0.0392,0.0038,-0.1024,-0.0241,-0.0337,0.1093,0.012,0.0097,0.0058,0.0096,0.0126,0.0041,-0.0759,-0.0515
EUR,GBR,HG00112,HG00112,0.0259,0.0387,-0.0004,-0.0843,-0.0098,-0.0187,0.042,0.0046,-0.0513,-0.0238,0.0156,-0.041,-0.0266,-0.0607,0.0311
EUR,GBR,HG00113,HG00113,0.0253,0.0402,-0.0035,-0.063,-0.0208,-0.0317,0.0316,0.0188,-0.0195,-0.0207,0.0195,-0.0033,-0.0385,-0.003,0.002
EUR,GBR,HG00114,HG00114,0.0243,0.041,0.0071,-0.0783,-0.0174,-0.0184,0.0585,0.0477,0.0245,-0.0378,0.0191,-0.0001,-0.0608,-0.0437,-0.0012
EUR,GBR,HG00115,HG00115,0.0241,0.0408,-0.0023,-0.0698,-0.0207,-0.0191,0.0446,0.0243,0.0169,-0.0176,0.0488,-0.0358,-0.0132,-0.0128,-0.0233
EUR,GBR,HG00117,HG00117,0.0257,0.0401,-0.0033,-0.0867,-0.0229,-0.0197,0.0016,0.0254,-0.0105,-0.0542,0.021,-0.0324,-0.0258,-0.0084,0.0427
EUR,GBR,HG00118,HG00118,0.0253,0.0381,0.0015,-0.0816,-0.0321,-0.0325,0.0282,0.0118,0.0118,-0.009,0.027,0.0039,-0.0351,-0.0437,-0.0107
EUR,GBR,HG00119,HG00119,0.0248,0.0378,-0.0002,-0.0706,-0.0025,-0.0158,0.0389,0.0299,0.0206,-0.0147,0.0407,-0.0311,-0.0308,-0.0425,-0.0159
EUR,GBR,HG00121,HG00121,0.0256,0.0397,0.0077,-0.0977,-0.0166,-0.0284,0.111,-0.0112,-0.0081,-0.0074,0.0284,-0.0138,-0.0,-0.047,-0.0144
EUR,GBR,HG00122,HG00122,0.0259,0.0369,-0.0046,-0.0765,-0.024,-0.017,-0.0018,0.0035,-0.0077,-0.0031,-0.0133,-0.0038,0.0025,0.0201,-0.0439
EUR,GBR,HG00123,HG00123,0.0254,0.0383,-0.003,-0.0868,-0.0296,-0.0296,0.0473,-0.0014,-0.0338,-0.0077,-0.0126,-0.0299,-0.0527,-0.0471,0.0064
EUR,GBR,HG00125,HG00125,0.0245,0.0375,0.0007,-0.0747,-0.017,-0.0398,0.0239,0.0199,-0.0077,-0.0291,0.0102,0.0085,-0.019,-0.0131,-0.0182
EUR,GBR,HG00126,HG00126,0.0265,0.0403,0.0054,-0.0645,-0.0207,-0.0105,0.0038,-0.0355,-0.0543,0.0087,-0.0057,0.0239,-0.01,0.0199,-0.0299
EUR,GBR,HG00127,HG00127,0.0261,0.0393,0.0054,-0.0432,-0.0017,0.021,0.0382,-0.0077,0.0012,-0.0251,-0.0278,0.0201,0.0021,0.0308,-0.0051
EUR,GBR,HG00128,HG00128,0.0254,0.0405,0.003,-0.0773,-0.0187,-0.0117,0.0642,-0.0242,0.0217,-0.0341,-0.0176,-0.0113,-0.0032,0.0513,0.0017
EUR,GBR,HG00129,HG00129,0.0242,0.0399,0.0018,-0.0619,-0.0484,-0.0017,0.04,-0.0221,0.0042,0.0017,0.005,0.0046,0.0251,0.0306,-0.0098
EUR,GBR,HG00130,HG00130,0.0238,0.042,0.0008,-0.0565,-0.0085,-0.0194,0.0098,-0.0556,0.0155,0.0284,-0.0041,-0.0307,0.0109,0.007,-0.0341
EUR,GBR,HG00131,HG00131,0.0246,0.0394,-0.0012,-0.056,-0.0127,-0.0126,0.0142,-0.0066,-0.0143,0.0127,0.0784,-0.0128,0.0366,0.0236,-0.0018
EUR,GBR,HG00132,HG00132,0.0249,0.0398,-0.0003,-0.0595,-0.02,-0.031,0.0365,-0.0499,-0.0005,-0.0141,0.0057,-0.0135,0.0227,0.0416,0.0163
EUR,GBR,HG00133,HG00133,0.0254,0.0404,0.0025,-0.0718,-0.0201,0.0119,0.0444,-0.036,0.0482,-0.0008,-0.0203,0.0302,0.0201,0.069,-0.0494
EUR,GBR,HG00136,HG00136,0.0247,0.0383,-0.0037,-0.0488,-0.0118,-0.0044,0.0301,-0.014,0.0054,0.0242,0.0091,0.014,0.0315,0.0195,-0.0205
EUR,GBR,HG00137,HG00137,0.0249,0.0388,0.0046,-0.0702,-0.005,-0.0146,0.0172,0.0272,0.0107,0.0078,-0.0375,-0.0617,-0.0477,-0.033,-0.0129
EUR,GBR,HG00138,HG00138,0.0248,0.0407,-0.0028,-0.0774,-0.0237,-0.0257,0.009,0.0011,0.0053,0.0492,-0.0043,0.0053,0.0059,0.0208,0.0168
EUR,GBR,HG00139,HG00139,0.0249,0.0388,0.001,-0.048,-0.0241,-0.0274,0.0177,-0.0557,-0.021,0.0281,0.0281,0.0513,0.0305,0.0393,0.0478
EUR,GBR,HG00140,HG00140,0.0264,0.039,-0.0028,-0.0661,-0.0363,-0.0105,0.0147,-0.0039,-0.0233,0.006,-0.0228,0.0385,-0.0118,0.0659,-0.0299
EUR,GBR,HG00141,HG00141,0.0255,0.0392,-0.0004,-0.0553,-0.0022,-0.0297,0.0524,-0.0205,-0.0382,-0.0033,0.0314,-0.0128,0.0491,0.07,-0.0238
EUR,GBR,HG00142,HG00142,0.0251,0.0407,-0.0057,-0.0584,-0.007,-0.0109,0.0177,0.0023,-0.0007,0.0382,-0.0053,0.018,0.0314,0.016,-0.0232
EUR,GBR,HG00143,HG00143,0.0249,0.0392,0.0073,-0.0781,-0.0171,-0.0243,0.0252,-0.014,-0.0155,0.0095,-0.0276,0.0285,0.0126,0.0061,0.0005
EUR,GBR,HG00145,HG00145,0.0256,0.0405,0.0004,-0.0708,-0.0227,-0.0333,0.0223,-0.0402,-0.0098,-0.0295,-0.0023,-0.037,-0.0126,0.0383,-0.0143
EUR,GBR,HG00146,HG00146,0.0259,0.0387,0.0009,-0.0726,-0.0127,-0.0082,-0.0007,0.0477,0.0084,-0.0187,-0.0001,-0.0167,0.0025,0.0292,-0.0349
EUR,GBR,HG00148,HG00148,0.0256,0.0401,-0.0019,-0.0613,-0.0308,-0.0236,0.0334,0.0061,-0.0021,-0.0292,-0.0044,0.0051,0.0462,0.0658,-0.0155
EUR,GBR,HG00149,HG00149,0.0251,0.0402,0.0066,-0.0665,-0.0248,-0.0156,0.0381,-0.0208,-0.0053,-0.0389,0.0383,-0.0,-0.0196,0.0635,-0.0027
EUR,GBR,HG00150,HG00150,0.025,0.0388,0.0046,-0.0642,-0.011,-0.0219,-0.0193,0.0081,0.0098,-0.0137,0.0086,0.0351,0.058,-0.0086,-0.0378
EUR,GBR,HG00151,HG00151,0.025,0.0354,-0.0,-0.0755,0.0036,-0.0121,0.0472,-0.001,-0.0026,-0.0222,-0.0058,0.026,0.032,0.0137,-0.005
EUR,GBR,HG00154,HG00154,0.025,0.0407,0.0033,-0.0888,-0.0047,-0.0166,0.0326,-0.0367,-0.0369,0.0007,0.0062,0.0004,0.0452,0.0435,0.0028
EUR,GBR,HG00155,HG00155,0.025,0.0381,0.0032,-0.0616,-0.0365,-0.0108,0.0266,0.0037,0.0108,0.0123,-0.0284,-0.0008,0.0096,0.0259,-0.0115
EUR,GBR,HG00157,HG00157,0.0247,0.0399,-0.0002,-0.0703,-0.0165,-0.0086,0.0806,0.0049,-0.0499,0.0504,-0.0356,-0.0241,-0.0302,0.0142,-0.0248
EUR,GBR,HG00158,HG00158,0.024,0.0367,-0.0014,-0.0668,-0.012,-0.0101,0.038,-0.0308,0.013,0.0364,0.004,0.0262,0.0353,0.0331,-0.031
EUR,GBR,HG00159,HG00159,0.0253,0.0403,0.0042,-0.0765,-0.0089,-0.0191,0.0531,-0.0249,-0.0013,-0.0135,0.0146,0.0119,-0.0039,-0.0165,-0.0707
EUR,GBR,HG00160,HG00160,0.0264,0.0405,0.0005,-0.0598,-0.0218,0.0024,0.019,0.0091,0.0035,0.0135,-0.0319,0.0094,0.0232,-0.0007,0.0067
EUR,GBR,HG00231,HG00231,0.0256,0.0378,0.0027,-0.0569,-0.0071,-0.011,0.0396,0.0077,0.0141,0.0206,-0.0333,-0.0207,0.0247,0.0431,0.0146
EUR,GBR,HG00232,HG00232,0.0256,0.0413,-0.001,-0.072,-0.0104,-0.0171,0.0612,-0.0146,-0.0073,0.0199,-0.0146,0.0193,-0.0018,-0.0505,0.0108
EUR,GBR,HG00233,HG00233,0.0247,0.0409,-0.004,-0.0471,-0.0269,-0.0504,0.0524,-0.0167,0.0118,0.0411,0.0136,0.0014,-0.0155,0.0608,-0.0219
EUR,GBR,HG00234,HG00234,0.0258,0.0397,-0.0005,-0.0632,-0.0011,0.0133,0.0536,-0.0106,0.0034,-0.0032,-0.0157,-0.0009,0.0029,-0.0298,-0.0086
EUR,GBR,HG00235,HG00235,0.0251,0.0408,0.0007,-0.0761,-0.0013,-0.0406,0.04,-0.0099,0.0202,0.052,0.007,0.0304,0.0369,0.0407,0.0131
EUR,GBR,HG00236,HG00236,0.0242,0.0405,-0.0032,-0.0654,-0.0222,-0.0034,0.0382,0.0017,-0.0173,0.0506,0.0288,0.0137,0.0172,-0.0047,-0.0248
EUR,GBR,HG00237,HG00237,0.0253,0.0402,0.0032,-0.0722,-0.0138,-0.0151,-0.016,0.0054,0.0205,-0.0124,0.052,0.016,-0.0172,-0.0547,-0.0249
EUR,GBR,HG00238,HG00238,0.0249,0.0375,0.0035,-0.0673,-0.0167,0.0011,0.0714,0.0258,0.0043,0.0125,-0.0188,0.0349,-0.025,-0.0796,0.0625
EUR,GBR,HG00239,HG00239,0.0264,0.0431,0.0032,-0.0806,-0.0113,-0.0261,0.0939,-0.0196,-0.0324,-0.0042,0.0246,0.0159,0.0569,0.0571,0.0361
EUR,GBR,HG00240,HG00240,0.0247,0.038,-0.0068,-0.0602,0.0065,0.0037,0.057,0.0319,0.006,0.0238,-0.0453,0.0303,0.0007,-0.0513,0.0833
EUR,GBR,HG00242,HG00242,0.0248,0.0376,-0.0007,-0.0588,-0.017,-0.0331,0.0634,-0.0358,0.0276,0.0372,0.0433,0.0489,0.0454,-0.0065,0.0095
EUR,GBR,HG00243,HG00243,0.026,0.0393,0.003,-0.0705,-0.0115,-0.025,0.0286,-0.0101,-0.0254,-0.0122,-0.0275,0.012,0.0099,0.073,0.0228
EUR,GBR,HG00244,HG00244,0.0254,0.0405,-0.0013,-0.0706,-0.0194,-0.035,0.0288,-0.0039,-0.0084,0.0185,-0.0367,0.0082,-0.043,-0.0251,0.015
EUR,GBR,HG00245,HG00245,0.0253,0.0404,-0.0016,-0.0686,-0.0154,0.0012,0.032,-0.0095,-0.0069,0.0254,-0.0043,0.0114,0.0277,0.0694,0.0069
EUR,GBR,HG00246,HG00246,0.0247,0.0387,0.0027,-0.058,-0.0163,-0.0347,0.0331,0.0101,0.0001,-0.0048,0.0179,0.0186,-0.0021,0.0395,0.0258
EUR,GBR,HG00250,HG00250,0.025,0.0407,0.0042,-0.0824,-0.0256,-0.0059,0.0282,-0.0089,0.0084,0.0283,-0.0389,-0.0185,-0.0023,0.0128,-0.0147
EUR,GBR,HG00251,HG00251,0.0249,0.0398,-0.005,-0.0717,-0.0123,-0.0033,0.0182,0.0351,-0.0014,-0.0124,-0.0044,-0.0096,-0.001,0.0043,-0.0116
EUR,GBR,HG00252,HG00252,0.0251,0.0401,0.0073,-0.0543,-0.0177,-0.011,0.0487,0.0029,-0.0407,-0.0248,-0.0006,0.0114,0.0031,0.0129,0.0375
EUR,GBR,HG00253,HG00253,0.0259,0.0393,0.0024,-0.0674,0.0076,-0.0238,0.0421,-0.016,0.0055,0.0512,-0.0134,-0.017,-0.0091,0.01,0.0093
EUR,GBR,HG00254,HG00254,0.0252,0.0406,-0.0032,-0.0531,0.0121,0.0292,0.0275,-0.0311,-0.0146,0.0019,-0.0065,0.0026,0.0166,0.017,0.0517
EUR,GBR,HG00255,HG00255,0.0246,0.0394,-0.0007,-0.0579,-0.027,-0.0089,0.0225,-0.0435,0.0497,0.0295,0.0251,0.0317,0.0186,0.033,0.0251
EUR,GBR,HG00256,HG00256,0.0253,0.0425,0.0061,-0.0686,-0.0023,-0.0164,0.0513,-0.0381,-0.0114,0.0143,-0.021,0.0134,0.0132,0.015,-0.0033
EUR,GBR,HG00257,HG00257,0.0247,0.0393,0.0072,-0.0743,-0.0206,0.0011,0.0291,-0.0132,-0.0014,0.0069,-0.0445,-0.0309,0.0112,0.0559,0.0097
EUR,GBR,HG00258,HG00258,0.0249,0.0392,0.0011,-0.0529,-0.0083,-0.0256,-0.0005,0.0274,0.0022,0.0043,-0.0141,0.027,-0.0109,-0.001,0.0085
EUR,GBR,HG00259,HG00259,0.0244,0.0412,-0.0038,-0.0632,-0.0292,-0.0361,0.0287,0.0014,0.0068,-0.0177,-0.0382,-0.0402,-0.0279,0.0266,0.0208
EUR,GBR,HG00260,HG00260,0.0245,0.039,-0.0049,-0.0493,-0.0092,-0.0305,-0.0023,-0.0429,-0.0227,0.0313,-0.0111,0.0145,0.0243,0.0553,0.014
EUR,GBR,HG00261,HG00261,0.0246,0.0397,-0.0038,-0.0616,-0.0353,-0.0264,0.0112,0.0365,0.001,-0.0167,-0.0314,0.0011,-0.0205,-0.0146,-0.0266
EUR,GBR,HG00262,HG00262,0.0244,0.0393,0.0061,-0.0595,-0.0154,-0.0007,0.0501,-0.0105,-0.0041,0.0011,0.0061,0.0189,-0.0178,0.009,0.0205
EUR,GBR,HG00263,HG00263,0.0258,0.0395,0.0104,-0.066,-0.0173,-0.0231,0.0048,-0.014,-0.0051,0.0165,0.004,-0.0159,-0.0214,-0.0354,0.0091
EUR,GBR,HG00264,HG00264,0.0244,0.0388,0.0029,-0.0554,-0.0146,-0.0026,0.0401,-0.0268,0.0201,-0.0103,-0.0194,0.0102,0.0471,-0.01,0.0235
EUR,GBR,HG00265,HG00265,0.0259,0.0416,0.0013,-0.0821,-0.0306,-0.0182,0.0063,0.0415,0.0229,-0.0438,-0.0484,-0.0301,-0.0421,-0.0176,-0.0164
EUR,GBR,HG01334,HG01334,0.0253,0.0392,0.0029,-0.0499,-0.0428,-0.0111,0.0254,-0.0218,0.03,0.0108,-0.0045,0.0115,0.0298,-0.0099,0.0324
EUR,GBR,HG01789,HG01789,0.0249,0.0392,-0.0024,-0.0617,-0.0012,-0.0161,0.0474,0.0026,-0.0157,0.0139,0.0183,-0.0141,0.0183,-0.0395,0.0104
EUR,GBR,HG01790,HG01790,0.0255,0.038,-0.0043,-0.058,-0.0102,-0.014,-0.007,0.0263,-0.014,0.0103,0.0229,-0.0033,-0.0008,-0.0147,-0.0039
EUR,GBR,HG01791,HG01791,0.0251,0.0385,-0.001,-0.0625,-0.02,0.0015,0.0396,0.0134,-0.001,-0.0129,-0.0089,-0.0255,0.0106,-0.0063,-0.0236
EUR,GBR,HG02215,HG02215,0.0252,0.0411,0.0033,-0.0716,-0.0323,-0.0201,0.0332,0.0255,0.0151,-0.0815,0.0138,-0.0217,-0.0342,-0.0031,-0.0139
EUR,IBS,HG01500,HG01500,0.0217,0.0383,-0.0083,0.0174,0.0205,0.0016,-0.0543,-0.0014,-0.0117,0.0082,0.0001,-0.0028,0.0081,-0.0023,0.0194
EUR,IBS,HG01501,HG01501,0.0222,0.0402,0.0033,0.0084,-0.0024,0.0264,-0.0525,-0.0091,-0.0314,-0.0046,0.0283,0.0021,-0.0199,0.0041,0.0337
EUR,IBS,HG01503,HG01503,0.0237,0.0394,-0.0063,-0.0016,0.0293,-0.0007,-0.0521,-0.0131,0.0175,-0.001,-0.0085,0.0359,0.0106,0.0361,0.032
EUR,IBS,HG01504,HG01504,0.0234,0.042,0.0039,0.0069,0.023,0.0197,-0.0632,-0.0059,-0.0122,0.0119,-0.0163,0.0509,0.0245,0.0188,-0.0055
EUR,IBS,HG01506,HG01506,0.0224,0.0407,0.0023,-0.0015,-0.0007,0.0335,-0.0598,-0.0278,-0.0078,-0.0001,0.0157,0.0066,-0.0045,-0.0067,0.0407
EUR,IBS,HG01507,HG01507,0.023,0.0419,0.0021,-0.0285,0.0025,0.0351,-0.0813,0.019,-0.0011,-0.0282,-0.0137,0.0019,0.0208,0.0206,-0.0134
EUR,IBS,HG01509,HG01509,0.0215,0.0398,0.0014,0.0068,0.0214,0.0361,-0.045,-0.0267,0.0091,-0.0235,-0.0153,0.0019,0.0332,-0.0178,0.0106
EUR,IBS,HG01510,HG01510,0.0228,0.0374,-0.0054,0.004,0.038,0.002,-0.0565,0.0059,-0.0043,0.0041,-0.0045,0.0234,-0.0027,-0.0023,0.0252
EUR,IBS,HG01512,HG01512,0.0246,0.0406,-0.0028,-0.002,0.0197,0.014,-0.0654,-0.0258,0.046,0.0221,-0.0056,0.0011,0.0358,-0.0042,0.0091
EUR,IBS,HG01513,HG01513,0.0235,0.0403,-0.0007,0.0149,0.0046,0.0246,-0.0782,-0.0115,-0.0046,0.0113,-0.0152,0.0334,0.0,-0.024,0.0436
EUR,IBS,HG01515,HG01515,0.0251,0.0413,0.0004,0.0099,0.0197,0.0172,-0.0714,0.0239,-0.0221,0.0074,-0.0053,-0.0255,0.016,-0.0381,0.0057
EUR,IBS,HG01516,HG01516,0.0251,0.043,0.0062,0.0092,0.0157,0.027,-0.0499,-0.016,0.0158,-0.0214,-0.0131,-0.0004,0.0036,-0.0422,-0.0135
EUR,IBS,HG01518,HG01518,0.0246,0.0412,-0.0006,0.0007,0.0136,0.0299,-0.0777,-0.0294,0.021,0.0027,-0.0181,-0.0286,0.0036,-0.0189,0.0261
EUR,IBS,HG01519,HG01519,0.0248,0.042,0.0006,0.0084,0.0068,0.0395,-0.0603,0.0113,0.0066,0.0052,-0.0301,-0.0181,0.0011,0.0203,-0.0044
EUR,IBS,HG01521,HG01521,0.0256,0.0419,0.0058,0.0085,0.0136,0.0444,-0.0815,-0.0019,-0.0026,0.0023,-0.0117,-0.0045,-0.0232,0.0009,-0.0016
EUR,IBS,HG01522,HG01522,0.0254,0.0417,0.0005,-0.0032,0.0346,0.0185,-0.0667,0.0018,-0.0065,-0.0201,-0.031,-0.016,-0.015,0.0186,-0.0003
EUR,IBS,HG01524,HG01524,0.0229,0.0391,-0.0024,0.0141,0.0159,0.0123,-0.0473,-0.0047,-0.0298,-0.0137,0.0116,-0.0255,-0.0048,0.0246,0.0328
EUR,IBS,HG01525,HG01525,0.0224,0.0372,0.0043,0.0063,0.0057,0.0161,-0.0522,-0.0032,-0.016,0.0246,-0.0022,-0.0113,0.0151,0.0243,0.0056
EUR,IBS,HG01527,HG01527,0.0198,0.0383,0.0,0.0112,0.0036,0.0157,-0.019,0.0077,-0.0015,0.0013,0.0067,-0.0136,0.0022,-0.0158,-0.0193
EUR,IBS,HG01528,HG01528,0.0229,0.0395,-0.004,0.0136,0.0188,0.0127,-0.036,-0.012,0.0136,0.0013,0.0119,0.0194,-0.0012,-0.0003,0.0005
EUR,IBS,HG01530,HG01530,0.0224,0.0398,0.0018,0.0096,0.009,0.0325,-0.0616,0.0008,0.0036,-0.0178,-0.0347,0.0263,0.0338,0.0332,0.0082
EUR,IBS,HG01531,HG01531,0.0218,0.0396,-0.0064,-0.0069,0.0106,0.0184,-0.0158,0.0241,-0.0133,0.0159,0.0027,-0.0077,-0.0155,-0.0233,0.0147
EUR,IBS,HG01536,HG01536,0.0231,0.039,0.0017,-0.0175,-0.014,0.0082,-0.0812,-0.017,0.0093,-0.0272,0.0022,-0.0032,-0.0103,-0.0076,-0.0015
EUR,IBS,HG01537,HG01537,0.024,0.0392,-0.0042,-0.015,-0.0013,0.0074,-0.0781,0.0325,-0.0025,-0.0045,-0.0073,-0.0133,0.0105,-0.0014,0.0151
EUR,IBS,HG01602,HG01602,0.0222,0.039,0.0014,-0.006,0.028,0.0135,-0.0369,-0.0341,0.0259,-0.0186,-0.0202,0.0009,-0.0025,0.0035,-0.0215
EUR,IBS,HG01603,HG01603,0.0228,0.0416,0.0069,-0.0134,-0.0026,0.0162,-0.0468,-0.0076,0.0324,0.0288,0.0434,-0.0164,0.0169,-0.004,-0.0353
EUR,IBS,HG01605,HG01605,0.0224,0.0395,-0.0108,-0.0016,-0.0008,0.0157,-0.0617,0.0166,0.021,0.0108,-0.0033,0.0078,-0.0093,-0.0184,0.0089
EUR,IBS,HG01606,HG01606,0.024,0.0418,-0.0015,-0.0103,0.004,0.0177,-0.0415,0.0017,0.0067,-0.0451,-0.0074,-0.004,0.0194,0.0189,0.0047
EUR,IBS,HG01607,HG01607,0.0233,0.0399,0.0005,0.0092,0.0128,0.0232,-0.0422,-0.016,0.0377,0.004,0.0072,0.0075,-0.0168,-0.0179,0.0015
EUR,IBS,HG01608,HG01608,0.0222,0.04,-0.0035,0.0004,0.0111,0.0217,-0.0577,0.0381,0.0153,0.0302,-0.0181,-0.0279,0.0259,-0.0054,-0.0066
EUR,IBS,HG01610,HG01610,0.0234,0.0403,-0.0019,0.0255,0.0025,0.0333,-0.0587,0.0435,-0.0204,-0.0265,-0.0166,-0.025,0.0147,-0.0095,-0.0062
EUR,IBS,HG01612,HG01612,0.0211,0.0406,0.0005,0.0011,0.0109,0.0198,-0.0431,0.0083,-0.0118,-0.0147,-0.005,0.0212,0.0273,-0.0093,-0.0062
EUR,IBS,HG01613,HG01613,0.024,0.0409,0.0009,0.0085,0.0058,0.0288,-0.0801,-0.008,0.0066,-0.0057,-0.0113,-0.0301,-0.0375,0.025,-0.0442
EUR,IBS,HG01615,HG01615,0.0226,0.0403,0.0002,-0.0066,0.0217,0.0219,-0.0635,-0.0105,0.0118,-0.0055,-0.0158,0.0128,-0.0428,-0.0012,0.0043
EUR,IBS,HG01617,HG01617,0.0229,0.0373,0.0055,-0.0026,0.0176,0.0281,-0.0815,0.0038,-0.0073,0.0141,-0.0066,-0.0098,-0.0058,-0.035,0.0011
EUR,IBS,HG01618,HG01618,0.0227,0.0379,-0.0111,-0.0132,0.02,0.0022,-0.0641,-0.034,-0.0186,-0.0168,-0.0055,-0.02,0.0075,0.0312,0.0475
EUR,IBS,HG01619,HG01619,0.022,0.0402,-0.0082,-0.0023,0.0206,0.0276,-0.0575,-0.0282,0.0223,-0.0079,0.0051,0.0164,-0.0079,0.0027,0.0623
EUR,IBS,HG01620,HG01620,0.0231,0.0401,-0.001,0.0167,0.021,0.0287,-0.0682,0.0348,0.008,-0.0114,0.0265,0.0343,-0.0134,0.0159,0.0145
EUR,IBS,HG01623,HG01623,0.0224,0.0386,-0.0061,0.0031,0.0211,0.0348,-0.0744,0.0318,0.0073,0.004,-0.0261,0.04,0.0488,0.0147,0.0117
EUR,IBS,HG01624,HG01624,0.0227,0.0398,-0.0042,0.0255,0.017,0.0282,-0.0813,-0.0126,-0.0081,0.0312,-0.0275,-0.0007,0.0123,0.0212,-0.0029
EUR,IBS,HG01625,HG01625,0.0228,0.0393,-0.0016,-0.0086,-0.0114,-0.0003,-0.0554,-0.0159,-0.0039,-0.0132,0.0017,0.0345,0.0114,0.0225,-0.0143
EUR,IBS,HG01626,HG01626,0.0216,0.0401,-0.0018,0.0091,0.0188,-0.0017,-0.0811,-0.008,0.0077,-0.0227,-0.0064,0.0319,-0.0008,0.0007,0.0317
EUR,IBS,HG01628,HG01628,0.0176,0.0372,0.0091,0.009,-0.0103,-0.0195,-0.066,-0.0105,0.0375,-0.0028,0.0052,-0.0461,0.0045,-0.0071,-0.0027
EUR,IBS,HG01630,HG01630,0.02,0.0371,-0.0045,0.0171,0.0243,0.0415,-0.0568,-0.0339,-0.018,0.0116,0.0056,0.0101,0.0134,0.0075,0.007
EUR,IBS,HG01631,HG01631,0.0227,0.0396,-0.0001,-0.0051,-0.0046,0.0148,-0.0488,-0.0009,-0.0225,-0.0487,-0.0311,0.006,-0.0061,0.0109,0.0245
EUR,IBS,HG01632,HG01632,0.0229,0.0411,-0.007,0.0164,0.0041,0.0046,-0.0553,0.0195,-0.0089,-0.0315,-0.001,0.007,-0.0159,-0.035,0.0105
EUR,IBS,HG01668,HG01668,0.0216,0.0391,0.0025,-0.0148,0.0084,0.0238,-0.0294,-0.009,-0.0003,0.0206,0.0305,-0.0178,-0.0041,0.0094,0.0215
EUR,IBS,HG01669,HG01669,0.0202,0.0386,0.0047,-0.0071,0.0266,0.0167,-0.048,-0.0173,-0.0087,0.0057,0.0349,0.0576,0.0138,0.005,-0.0077
EUR,IBS,HG01670,HG01670,0.0227,0.0418,-0.0048,-0.0102,0.009,0.0292,-0.0837,-0.0135,0.0363,0.0307,0.0069,-0.0045,-0.0098,0.0335,-0.0189
EUR,IBS,HG01672,HG01672,0.024,0.0386,0.0001,-0.0132,0.0173,0.0036,-0.0542,0.0117,-0.0027,0.0085,-0.0032,0.013,0.0125,-0.0028,0.0268
EUR,IBS,HG01673,HG01673,0.0238,0.0412,-0.0001,0.0001,-0.0033,0.0029,-0.058,-0.0157,0.0097,-0.0036,-0.0134,0.0177,-0.0205,0.0021,0.0156
EUR,IBS,HG01675,HG01675,0.0234,0.0401,-0.0,0.0178,0.032,0.0464,-0.0492,0.0132,-0.0073,-0.0102,-0.0116,0.0006,-0.0081,0.0261,-0.012
EUR,IBS,HG01676,HG01676,0.0243,0.041,0.0044,0.0061,0.0188,0.0196,-0.0435,-0.0077,0.0134,-0.0229,0.0197,-0.0229,-0.0013,-0.0428,-0.0213
EUR,IBS,HG01678,HG01678,0.0228,0.0407,-0.0036,0.0036,0.0244,0.0388,-0.0701,-0.0079,0.0365,-0.0169,-0.0297,-0.0211,0.0079,-0.028,-0.0511
EUR,IBS,HG01679,HG01679,0.0238,0.0409,-0.0007,0.0074,0.0074,0.0458,-0.059,0.0017,0.0183,0.022,0.0185,-0.0097,-0.0266,-0.0085,0.0152
EUR,IBS,HG01680,HG01680,0.0221,0.0407,-0.0014,0.007,0.0177,0.0214,-0.0305,-0.0453,-0.0394,-0.0147,-0.0212,0.0005,-0.0252,-0.0343,0.0133
EUR,IBS,HG01682,HG01682,0.0237,0.0414,-0.0002,0.0023,0.0258,0.0228,-0.0815,0.0072,0.0292,-0.0123,-0.0362,0.0266,0.0102,-0.0097,-0.0246
EUR,IBS,HG01684,HG01684,0.0241,0.0414,-0.0027,0.0134,0.0435,0.04,-0.0446,0.0064,-0.0116,0.0118,0.0027,-0.0091,-0.0081,0.0352,0.0079
EUR,IBS,HG01685,HG01685,0.0223,0.0398,-0.0006,0.019,-0.0037,-0.0007,-0.0287,-0.0027,-0.0205,-0.0101,0.0174,-0.0018,0.0263,-0.0138,0.0036
EUR,IBS,HG01686,HG01686,0.0226,0.0404,-0.0005,-0.0101,0.0177,-0.0078,-0.0486,-0.0071,0.0021,0.0006,-0.004,-0.0111,0.0089,-0.0549,-0.0018
EUR,IBS,HG01694,HG01694,0.0193,0.0394,-0.0001,0.0176,0.0236,0.0445,-0.0474,-0.0123,-0.0208,-0.0241,0.0097,-0.0215,0.0307,-0.0157,0.0015
EUR,IBS,HG01695,HG01695,0.0197,0.0379,-0.0016,0.0268,0.0091,0.0369,-0.0532,0.0052,0.0022,0.0074,0.018,-0.0223,-0.0027,0.0192,0.0285
EUR,IBS,HG01697,HG01697,0.0224,0.0387,-0.0075,0.0039,0.0136,0.0321,-0.0977,0.0085,0.039,0.0317,-0.0459,0.0001,0.0305,0.04,-0.0077
EUR,IBS,HG01699,HG01699,0.022,0.04,-0.0023,0.0106,0.0168,0.018,-0.0373,0.0012,-0.0072,-0.0127,-0.0026,0.0038,0.0114,0.0239,0.0075
EUR,IBS,HG01700,HG01700,0.0241,0.0419,-0.0003,0.005,0.037,0.0381,-0.081,-0.0212,-0.0078,0.022,-0.0032,0.0368,-0.0137,-0.0244,0.0262
EUR,IBS,HG01702,HG01702,0.0257,0.0416,0.0004,0.0107,0.0089,0.0319,-0.0667,0.0162,0.0124,0.0102,-0.0462,0.0082,0.0068,-0.0093,0.0257
EUR,IBS,HG01704,HG01704,0.0215,0.0391,0.0022,0.0062,0.0027,0.0298,-0.0441,-0.035,0.0043,0.0208,-0.0052,-0.0202,0.005,-0.0176,-0.0018
EUR,IBS,HG01705,HG01705,0.0219,0.0396,0.0081,0.0049,0.0052,0.0002,-0.0472,0.0205,-0.0295,0.0025,-0.0279,-0.027,-0.0181,-0.0534,0.0356
EUR,IBS,HG01707,HG01707,0.0226,0.0392,0.0126,0.0167,-0.0129,0.0107,-0.0114,-0.0259,-0.0001,-0.0123,0.0201,0.0088,-0.0193,-0.003,0.0075
EUR,IBS,HG01708,HG01708,0.0228,0.0364,0.0022,0.0207,-0.012,0.0184,-0.0228,-0.0077,0.0241,0.0117,-0.0009,0.0017,0.0008,-0.0347,-0.007
EUR,IBS,HG01709,HG01709,0.0216,0.0387,-0.0,0.0042,0.0002,0.0105,-0.0566,-0.0384,0.0077,0.0226,-0.0049,-0.0078,0.0158,0.0124,0.0069
EUR,IBS,HG01710,HG01710,0.0222,0.0398,0.0042,0.0038,0.0108,-0.0026,-0.0207,-0.0022,-0.0185,-0.0117,0.0099,0.0035,0.0,0.018,0.0056
EUR,IBS,HG01746,HG01746,0.024,0.0401,-0.0042,0.0088,0.0281,0.0427,-0.071,0.008,-0.0065,-0.0127,-0.0231,0.0369,0.0359,0.0195,-0.0016
EUR,IBS,HG01747,HG01747,0.0239,0.0415,0.0049,-0.0078,0.0228,0.0417,-0.048,0.0361,-0.02,-0.0112,0.0069,0.0175,-0.0454,-0.0323,0.0029
EUR,IBS,HG01756,HG01756,0.0234,0.0394,0.0031,0.0086,-0.0113,0.0188,-0.0577,0.0191,-0.015,0.015,-0.0089,-0.01,0.0196,0.0136,0.0138
EUR,IBS,HG01757,HG01757,0.0232,0.04,-0.0069,-0.0012,0.0141,0.0492,-0.0546,-0.0001,0.0108,-0.0211,0.0064,0.0098,-0.0066,-0.0144,-0.0184
EUR,IBS,HG01761,HG01761,0.0232,0.0423,-0.003,-0.0033,-0.0003,0.0076,-0.0539,0.0271,0.0103,0.0004,-0.0128,0.0033,-0.0171,-0.0422,0.0174
EUR,IBS,HG01762,HG01762,0.0236,0.0425,-0.0037,-0.0215,0.0169,0.0082,-0.064,0.0332,0.0047,0.0015,0.0046,-0.052,-0.0083,-0.0079,-0.0122
EUR,IBS,HG01765,HG01765,0.0237,0.04,-0.0073,0.004,0.0216,0.0041,-0.0637,0.0569,-0.0153,-0.0328,0.0125,-0.0229,-0.0286,-0.03,0.0147
EUR,IBS,HG01766,HG01766,0.022,0.041,0.0013,0.0215,0.0166,0.0137,-0.0308,0.0118,0.006,-0.0304,-0.0186,-0.0274,-0.0338,-0.0412,-0.0146
EUR,IBS,HG01767,HG01767,0.0224,0.0404,0.0004,0.0175,0.0101,0.0452,-0.0583,0.0072,-0.0002,-0.0166,0.0135,-0.0307,-0.0083,0.0089,0.0015
EUR,IBS,HG01768,HG01768,0.0212,0.0394,-0.0043,0.0077,0.0148,0.0095,-0.0514,-0.0009,0.0133,-0.0016,0.0097,0.0005,-0.0247,0.0037,-0.024
EUR,IBS,HG01770,HG01770,0.0226,0.0394,-0.0025,-0.0109,-0.0067,0.0108,-0.0323,0.0163,-0.0138,-0.0344,-0.0001,0.0091,-0.0118,-0.0125,0.0131
EUR,IBS,HG01771,HG01771,0.0248,0.0403,0.0016,0.0065,0.0092,0.0481,-0.0502,0.0071,-0.015,0.0255,0.021,0.0054,0.0143,-0.0337,0.045
EUR,IBS,HG01773,HG01773,0.0232,0.0419,0.0039,0.015,0.0229,0.0072,-0.0355,0.0024,-0.0115,-0.0015,0.0086,-0.0079,-0.0303,-0.0051,0.0017
EUR,IBS,HG01775,HG01775,0.024,0.0402,-0.0018,-0.0028,0.0011,0.0298,-0.0403,-0.0037,0.0132,-0.0038,-0.0129,0.0069,0.008,0.0032,0.0393
EUR,IBS,HG01776,HG01776,0.0245,0.0391,-0.0025,-0.0072,0.0096,0.0302,-0.0244,0.0212,0.025,-0.009,-0.0188,-0.0092,0.0204,-0.0043,-0.0028
EUR,IBS,HG01777,HG01777,0.0241,0.039,-0.0076,-0.0031,0.0031,0.002,-0.0379,0.017,-0.0076,0.0149,0.0045,0.0319,0.0185,-0.0096,0.0164
EUR,IBS,HG01779,HG01779,0.0233,0.0409,-0.0103,-0.0058,-0.002,0.0172,-0.0652,0.0223,0.0027,-0.0331,0.0079,0.0084,-0.0319,0.0427,-0.0394
EUR,IBS,HG01781,HG01781,0.0234,0.0419,-0.0016,0.0084,0.017,0.0219,-0.0661,-0.0614,-0.016,-0.0136,-0.0208,-0.0026,0.0247,0.0227,-0.0034
EUR,IBS,HG01783,HG01783,0.0222,0.039,-0.0039,0.0008,-0.0069,0.0197,-0.0392,-0.0135,0.0159,0.0272,0.019,-0.0129,0.012,0.0177,0.0418
EUR,IBS,HG01784,HG01784,0.023,0.0416,-0.0011,-0.0112,-0.0035,0.0418,-0.0419,-0.0288,-0.037,0.0142,0.0074,-0.0098,0.007,0.0425,0.0426
EUR,IBS,HG01785,HG01785,0.0242,0.0406,0.0008,-0.0068,0.0172,0.0093,-0.0431,-0.0383,0.0053,0.0147,-0.0035,0.0063,0.0037,0.0055,0.0274
EUR,IBS,HG01786,HG01786,0.0239,0.0395,-0.0003,-0.0066,0.0028,0.0215,-0.0627,-0.002,-0.0092,0.0003,0.0041,0.0028,0.0048,-0.022,0.0128
EUR,IBS,HG02219,HG02219,0.0236,0.0389,0.0008,-0.0047,0.0066,0.0186,-0.0186,-0.0546,-0.0012,0.0024,-0.0054,0.0211,-0.0222,0.0001,0.0052
EUR,IBS,HG02220,HG02220,0.0236,0.0377,-0.0001,0.0026,-0.0026,0.0221,-0.0277,0.0165,-0.0099,-0.0069,-0.0145,0.0082,0.0126,-0.0064,0.0335
EUR,IBS,HG02221,HG02221,0.0233,0.0418,-0.0098,-0.0122,0.0171,0.0335,-0.0323,-0.0353,0.0216,0.0003,0.0059,0.0033,0.0048,-0.0432,-0.0115
EUR,IBS,HG02223,HG02223,0.0252,0.0397,-0.0018,0.0037,-0.0112,0.0127,-0.0326,0.0036,-0.0441,-0.0169,0.008,0.0361,0.0097,-0.0027,0.0271
EUR,IBS,HG02224,HG02224,0.0243,0.0414,0.0022,-0.01,0.0098,0.0191,-0.0316,0.009,-0.0089,-0.0248,-0.0025,0.0037,-0.014,0.0215,-0.0187
EUR,IBS,HG02230,HG02230,0.025,0.041,-0.001,-0.022,0.0071,-0.0007,-0.0435,-0.0048,0.0239,0.0291,-0.0303,-0.001,0.0207,0.0101,-0.0113
EUR,IBS,HG02231,HG02231,0.0245,0.04,-0.0065,-0.0068,0.024,-0.0075,-0.0608,0.0219,-0.0056,-0.0025,0.003,0.0245,-0.0197,0.0,-0.0096
EUR,IBS,HG02232,HG02232,0.022,0.0405,-0.0045,0.0063,0.0204,0.0264,-0.0404,0.01,0.0102,0.0151,0.0125,0.003,-0.0116,-0.0094,0.0144
EUR,IBS,HG02233,HG02233,0.0222,0.0393,-0.0073,0.0138,0.0052,0.0217,-0.0525,0.0071,0.022,0.0246,0.0047,0.0165,0.0306,0.0301,0.0
EUR,IBS,HG02235,HG02235,0.0226,0.0385,0.0015,0.0038,0.017,0.0076,-0.0303,0.002,0.0134,0.0218,0.0228,-0.002,-0.0133,-0.0229,0.059
EUR,IBS,HG02236,HG02236,0.0231,0.0397,0.002,0.0058,0.0173,0.0314,-0.0437,-0.0231,0.0107,0.0026,0.0034,0.0139,-0.0084,-0.0016,-0.0019
EUR,IBS,HG02238,HG02238,0.0229,0.0408,-0.0014,0.0037,0.0082,0.0127,-0.0645,-0.04,0.0293,-0.0025,0.0009,0.009,0.0108,0.0061,0.0078
EUR,IBS,HG02239,HG02239,0.0206,0.0381,-0.0081,0.0077,0.0007,0.0298,-0.0223,-0.0025,-0.0131,0.0016,0.005,0.0211,0.0019,-0.0106,0.0223
